"LOCATION","INDICATOR","SUBJECT","MEASURE","FREQUENCY","TIME","Value","Flag Codes"
"AUS","EMP","TOT","PC_WKGPOP","Q","2019-Q1",74.07187,
"AUS","EMP","TOT","PC_WKGPOP","Q","2019-Q2",74.17379,
"AUS","EMP","TOT","PC_WKGPOP","Q","2019-Q3",74.45346,
"AUS","EMP","TOT","PC_WKGPOP","Q","2019-Q4",74.40693,
"AUS","EMP","TOT","PC_WKGPOP","Q","2020-Q1",74.50998,
"AUS","EMP","TOT","PC_WKGPOP","Q","2020-Q2",70.47916,
"AUS","EMP","TOT","PC_WKGPOP","Q","2020-Q3",72.06725,
"AUS","EMP","TOT","PC_WKGPOP","Q","2020-Q4",73.55392,
"AUS","EMP","TOT","PC_WKGPOP","Q","2021-Q1",74.34303,
"AUS","EMP","TOT","PC_WKGPOP","Q","2021-Q2",75.12772,
"AUS","EMP","TOT","PC_WKGPOP","Q","2021-Q3",74.81723,
"AUS","EMP","TOT","PC_WKGPOP","Q","2021-Q4",75.32984,
"AUS","EMP","TOT","PC_WKGPOP","Q","2022-Q1",76.69863,
"AUS","EMP","TOT","PC_WKGPOP","Q","2022-Q2",77.12612,
"AUS","EMP","TOT","PC_WKGPOP","Q","2022-Q3",77.52378,
"AUS","EMP","TOT","PC_WKGPOP","Q","2022-Q4",77.56084,
"AUS","EMP","TOT","PC_WKGPOP","Q","2023-Q1",77.47097,
"AUS","EMP","TOT","PC_WKGPOP","Q","2023-Q2",77.51244,
"AUS","EMP","TOT","PC_WKGPOP","Q","2023-Q3",77.56822,
"AUT","EMP","TOT","PC_WKGPOP","Q","2019-Q1",73.42854,
"AUT","EMP","TOT","PC_WKGPOP","Q","2019-Q2",73.70921,
"AUT","EMP","TOT","PC_WKGPOP","Q","2019-Q3",73.38256,
"AUT","EMP","TOT","PC_WKGPOP","Q","2019-Q4",73.68296,
"AUT","EMP","TOT","PC_WKGPOP","Q","2020-Q1",73.19289,
"AUT","EMP","TOT","PC_WKGPOP","Q","2020-Q2",70.19971,
"AUT","EMP","TOT","PC_WKGPOP","Q","2020-Q3",71.82483,
"AUT","EMP","TOT","PC_WKGPOP","Q","2020-Q4",71.69104,
"AUT","EMP","TOT","PC_WKGPOP","Q","2021-Q1",71.2905,
"AUT","EMP","TOT","PC_WKGPOP","Q","2021-Q2",71.8619,
"AUT","EMP","TOT","PC_WKGPOP","Q","2021-Q3",73.04892,
"AUT","EMP","TOT","PC_WKGPOP","Q","2021-Q4",73.40121,
"AUT","EMP","TOT","PC_WKGPOP","Q","2022-Q1",73.94791,
"AUT","EMP","TOT","PC_WKGPOP","Q","2022-Q2",74.37878,
"AUT","EMP","TOT","PC_WKGPOP","Q","2022-Q3",73.80271,
"AUT","EMP","TOT","PC_WKGPOP","Q","2022-Q4",73.93375,
"AUT","EMP","TOT","PC_WKGPOP","Q","2023-Q1",73.93195,
"AUT","EMP","TOT","PC_WKGPOP","Q","2023-Q2",74.39931,
"BEL","EMP","TOT","PC_WKGPOP","Q","2019-Q1",64.68071,
"BEL","EMP","TOT","PC_WKGPOP","Q","2019-Q2",65.73598,
"BEL","EMP","TOT","PC_WKGPOP","Q","2019-Q3",65.64047,
"BEL","EMP","TOT","PC_WKGPOP","Q","2019-Q4",65.10603,
"BEL","EMP","TOT","PC_WKGPOP","Q","2020-Q1",65.19974,
"BEL","EMP","TOT","PC_WKGPOP","Q","2020-Q2",64.01067,
"BEL","EMP","TOT","PC_WKGPOP","Q","2020-Q3",64.51317,
"BEL","EMP","TOT","PC_WKGPOP","Q","2020-Q4",64.01466,
"BEL","EMP","TOT","PC_WKGPOP","Q","2021-Q1",63.67085,
"BEL","EMP","TOT","PC_WKGPOP","Q","2021-Q2",65.1045,
"BEL","EMP","TOT","PC_WKGPOP","Q","2021-Q3",66.27142,
"BEL","EMP","TOT","PC_WKGPOP","Q","2021-Q4",66.06574,
"BEL","EMP","TOT","PC_WKGPOP","Q","2022-Q1",66.5118,
"BEL","EMP","TOT","PC_WKGPOP","Q","2022-Q2",66.16142,
"BEL","EMP","TOT","PC_WKGPOP","Q","2022-Q3",66.8001,
"BEL","EMP","TOT","PC_WKGPOP","Q","2022-Q4",66.66911,
"BEL","EMP","TOT","PC_WKGPOP","Q","2023-Q1",66.78615,
"BEL","EMP","TOT","PC_WKGPOP","Q","2023-Q2",66.15978,
"CAN","EMP","TOT","PC_WKGPOP","Q","2019-Q1",74.4,
"CAN","EMP","TOT","PC_WKGPOP","Q","2019-Q2",74.76667,
"CAN","EMP","TOT","PC_WKGPOP","Q","2019-Q3",74.7,
"CAN","EMP","TOT","PC_WKGPOP","Q","2019-Q4",74.56667,
"CAN","EMP","TOT","PC_WKGPOP","Q","2020-Q1",73.1,
"CAN","EMP","TOT","PC_WKGPOP","Q","2020-Q2",64.56667,
"CAN","EMP","TOT","PC_WKGPOP","Q","2020-Q3",70.5,
"CAN","EMP","TOT","PC_WKGPOP","Q","2020-Q4",72.26667,
"CAN","EMP","TOT","PC_WKGPOP","Q","2021-Q1",72.2,
"CAN","EMP","TOT","PC_WKGPOP","Q","2021-Q2",72.66666,
"CAN","EMP","TOT","PC_WKGPOP","Q","2021-Q3",74.03333,
"CAN","EMP","TOT","PC_WKGPOP","Q","2021-Q4",75.13333,
"CAN","EMP","TOT","PC_WKGPOP","Q","2022-Q1",75.3,
"CAN","EMP","TOT","PC_WKGPOP","Q","2022-Q2",75.83334,
"CAN","EMP","TOT","PC_WKGPOP","Q","2022-Q3",75.53333,
"CAN","EMP","TOT","PC_WKGPOP","Q","2022-Q4",75.8,
"CAN","EMP","TOT","PC_WKGPOP","Q","2023-Q1",76.23333,
"CAN","EMP","TOT","PC_WKGPOP","Q","2023-Q2",76.03333,
"CAN","EMP","TOT","PC_WKGPOP","Q","2023-Q3",75.63333,
"CZE","EMP","TOT","PC_WKGPOP","Q","2019-Q1",75.23463,
"CZE","EMP","TOT","PC_WKGPOP","Q","2019-Q2",75.1674,
"CZE","EMP","TOT","PC_WKGPOP","Q","2019-Q3",75.08057,
"CZE","EMP","TOT","PC_WKGPOP","Q","2019-Q4",75.06128,
"CZE","EMP","TOT","PC_WKGPOP","Q","2020-Q1",75.03049,
"CZE","EMP","TOT","PC_WKGPOP","Q","2020-Q2",74.28362,
"CZE","EMP","TOT","PC_WKGPOP","Q","2020-Q3",74.16048,
"CZE","EMP","TOT","PC_WKGPOP","Q","2020-Q4",74.07168,
"CZE","EMP","TOT","PC_WKGPOP","Q","2021-Q1",73.96347,
"CZE","EMP","TOT","PC_WKGPOP","Q","2021-Q2",73.916,
"CZE","EMP","TOT","PC_WKGPOP","Q","2021-Q3",74.68969,
"CZE","EMP","TOT","PC_WKGPOP","Q","2021-Q4",75.02074,
"CZE","EMP","TOT","PC_WKGPOP","Q","2022-Q1",75.46521,
"CZE","EMP","TOT","PC_WKGPOP","Q","2022-Q2",75.50551,
"CZE","EMP","TOT","PC_WKGPOP","Q","2022-Q3",75.55079,
"CZE","EMP","TOT","PC_WKGPOP","Q","2022-Q4",75.38725,
"CZE","EMP","TOT","PC_WKGPOP","Q","2023-Q1",75.038,
"CZE","EMP","TOT","PC_WKGPOP","Q","2023-Q2",75.42154,
"DNK","EMP","TOT","PC_WKGPOP","Q","2019-Q1",74.58764,
"DNK","EMP","TOT","PC_WKGPOP","Q","2019-Q2",75.21154,
"DNK","EMP","TOT","PC_WKGPOP","Q","2019-Q3",75.04589,
"DNK","EMP","TOT","PC_WKGPOP","Q","2019-Q4",75.24259,
"DNK","EMP","TOT","PC_WKGPOP","Q","2020-Q1",75.03075,
"DNK","EMP","TOT","PC_WKGPOP","Q","2020-Q2",74.20911,
"DNK","EMP","TOT","PC_WKGPOP","Q","2020-Q3",73.94755,
"DNK","EMP","TOT","PC_WKGPOP","Q","2020-Q4",74.4271,
"DNK","EMP","TOT","PC_WKGPOP","Q","2021-Q1",74.07334,
"DNK","EMP","TOT","PC_WKGPOP","Q","2021-Q2",75.74265,
"DNK","EMP","TOT","PC_WKGPOP","Q","2021-Q3",75.65335,
"DNK","EMP","TOT","PC_WKGPOP","Q","2021-Q4",76.67849,
"DNK","EMP","TOT","PC_WKGPOP","Q","2022-Q1",76.47567,
"DNK","EMP","TOT","PC_WKGPOP","Q","2022-Q2",77.12208,
"DNK","EMP","TOT","PC_WKGPOP","Q","2022-Q3",76.77078,
"DNK","EMP","TOT","PC_WKGPOP","Q","2022-Q4",76.75014,
"DNK","EMP","TOT","PC_WKGPOP","Q","2023-Q1",76.90761,
"DNK","EMP","TOT","PC_WKGPOP","Q","2023-Q2",76.68279,
"FIN","EMP","TOT","PC_WKGPOP","Q","2019-Q1",71.82835,
"FIN","EMP","TOT","PC_WKGPOP","Q","2019-Q2",71.78516,
"FIN","EMP","TOT","PC_WKGPOP","Q","2019-Q3",72.09498,
"FIN","EMP","TOT","PC_WKGPOP","Q","2019-Q4",72.28467,
"FIN","EMP","TOT","PC_WKGPOP","Q","2020-Q1",72.19036,
"FIN","EMP","TOT","PC_WKGPOP","Q","2020-Q2",70.05637,
"FIN","EMP","TOT","PC_WKGPOP","Q","2020-Q3",71.01553,
"FIN","EMP","TOT","PC_WKGPOP","Q","2020-Q4",71.35133,
"FIN","EMP","TOT","PC_WKGPOP","Q","2021-Q1",71.66826,
"FIN","EMP","TOT","PC_WKGPOP","Q","2021-Q2",72.76253,
"FIN","EMP","TOT","PC_WKGPOP","Q","2021-Q3",72.73712,
"FIN","EMP","TOT","PC_WKGPOP","Q","2021-Q4",73.46835,
"FIN","EMP","TOT","PC_WKGPOP","Q","2022-Q1",73.94401,
"FIN","EMP","TOT","PC_WKGPOP","Q","2022-Q2",74.61237,
"FIN","EMP","TOT","PC_WKGPOP","Q","2022-Q3",74.01443,
"FIN","EMP","TOT","PC_WKGPOP","Q","2022-Q4",74.62348,
"FIN","EMP","TOT","PC_WKGPOP","Q","2023-Q1",74.32733,
"FIN","EMP","TOT","PC_WKGPOP","Q","2023-Q2",74.78567,
"FRA","EMP","TOT","PC_WKGPOP","Q","2019-Q1",66.22363,
"FRA","EMP","TOT","PC_WKGPOP","Q","2019-Q2",66.54085,
"FRA","EMP","TOT","PC_WKGPOP","Q","2019-Q3",66.26422,
"FRA","EMP","TOT","PC_WKGPOP","Q","2019-Q4",66.52866,
"FRA","EMP","TOT","PC_WKGPOP","Q","2020-Q1",66.69885,
"FRA","EMP","TOT","PC_WKGPOP","Q","2020-Q2",65.6431,
"FRA","EMP","TOT","PC_WKGPOP","Q","2020-Q3",65.88612,
"FRA","EMP","TOT","PC_WKGPOP","Q","2020-Q4",66.23228,
"FRA","EMP","TOT","PC_WKGPOP","Q","2021-Q1",66.52792,
"FRA","EMP","TOT","PC_WKGPOP","Q","2021-Q2",67.14214,
"FRA","EMP","TOT","PC_WKGPOP","Q","2021-Q3",67.57577,
"FRA","EMP","TOT","PC_WKGPOP","Q","2021-Q4",67.73543,
"FRA","EMP","TOT","PC_WKGPOP","Q","2022-Q1",67.90029,
"FRA","EMP","TOT","PC_WKGPOP","Q","2022-Q2",68.05396,
"FRA","EMP","TOT","PC_WKGPOP","Q","2022-Q3",68.34138,
"FRA","EMP","TOT","PC_WKGPOP","Q","2022-Q4",68.27489,
"FRA","EMP","TOT","PC_WKGPOP","Q","2023-Q1",68.46473,
"FRA","EMP","TOT","PC_WKGPOP","Q","2023-Q2",68.49068,
"DEU","EMP","TOT","PC_WKGPOP","Q","2019-Q1",75.6449,"E"
"DEU","EMP","TOT","PC_WKGPOP","Q","2019-Q2",75.64049,"E"
"DEU","EMP","TOT","PC_WKGPOP","Q","2019-Q3",75.63673,"E"
"DEU","EMP","TOT","PC_WKGPOP","Q","2019-Q4",75.78861,"E"
"DEU","EMP","TOT","PC_WKGPOP","Q","2020-Q1",74.51979,"E"
"DEU","EMP","TOT","PC_WKGPOP","Q","2020-Q2",74.15417,"E"
"DEU","EMP","TOT","PC_WKGPOP","Q","2020-Q3",74.10112,"E"
"DEU","EMP","TOT","PC_WKGPOP","Q","2020-Q4",74.65827,"E"
"DEU","EMP","TOT","PC_WKGPOP","Q","2021-Q1",74.51144,"E"
"DEU","EMP","TOT","PC_WKGPOP","Q","2021-Q2",75.2341,"E"
"DEU","EMP","TOT","PC_WKGPOP","Q","2021-Q3",76.20226,"E"
"DEU","EMP","TOT","PC_WKGPOP","Q","2021-Q4",76.39577,"E"
"DEU","EMP","TOT","PC_WKGPOP","Q","2022-Q1",76.58981,"E"
"DEU","EMP","TOT","PC_WKGPOP","Q","2022-Q2",76.87248,"E"
"DEU","EMP","TOT","PC_WKGPOP","Q","2022-Q3",76.90623,"E"
"DEU","EMP","TOT","PC_WKGPOP","Q","2022-Q4",77.20851,"E"
"DEU","EMP","TOT","PC_WKGPOP","Q","2023-Q1",77.29102,"E"
"DEU","EMP","TOT","PC_WKGPOP","Q","2023-Q2",77.50276,"E"
"GRC","EMP","TOT","PC_WKGPOP","Q","2019-Q1",55.2846,
"GRC","EMP","TOT","PC_WKGPOP","Q","2019-Q2",56.7786,
"GRC","EMP","TOT","PC_WKGPOP","Q","2019-Q3",56.13762,
"GRC","EMP","TOT","PC_WKGPOP","Q","2019-Q4",56.27447,
"GRC","EMP","TOT","PC_WKGPOP","Q","2020-Q1",54.84796,
"GRC","EMP","TOT","PC_WKGPOP","Q","2020-Q2",50.62953,
"GRC","EMP","TOT","PC_WKGPOP","Q","2020-Q3",55.47114,
"GRC","EMP","TOT","PC_WKGPOP","Q","2020-Q4",53.75154,
"GRC","EMP","TOT","PC_WKGPOP","Q","2021-Q1",53.67102,
"GRC","EMP","TOT","PC_WKGPOP","Q","2021-Q2",57.18149,
"GRC","EMP","TOT","PC_WKGPOP","Q","2021-Q3",58.84901,
"GRC","EMP","TOT","PC_WKGPOP","Q","2021-Q4",59.30444,
"GRC","EMP","TOT","PC_WKGPOP","Q","2022-Q1",60.13195,
"GRC","EMP","TOT","PC_WKGPOP","Q","2022-Q2",61.08716,
"GRC","EMP","TOT","PC_WKGPOP","Q","2022-Q3",60.69428,
"GRC","EMP","TOT","PC_WKGPOP","Q","2022-Q4",60.88541,
"GRC","EMP","TOT","PC_WKGPOP","Q","2023-Q1",61.04451,
"GRC","EMP","TOT","PC_WKGPOP","Q","2023-Q2",62.34008,
"HUN","EMP","TOT","PC_WKGPOP","Q","2019-Q1",72.20807,
"HUN","EMP","TOT","PC_WKGPOP","Q","2019-Q2",72.28394,
"HUN","EMP","TOT","PC_WKGPOP","Q","2019-Q3",72.08763,
"HUN","EMP","TOT","PC_WKGPOP","Q","2019-Q4",72.23911,
"HUN","EMP","TOT","PC_WKGPOP","Q","2020-Q1",72.18658,
"HUN","EMP","TOT","PC_WKGPOP","Q","2020-Q2",71.34046,
"HUN","EMP","TOT","PC_WKGPOP","Q","2020-Q3",72.08098,
"HUN","EMP","TOT","PC_WKGPOP","Q","2020-Q4",72.18298,
"HUN","EMP","TOT","PC_WKGPOP","Q","2021-Q1",71.98969,
"HUN","EMP","TOT","PC_WKGPOP","Q","2021-Q2",73.02339,
"HUN","EMP","TOT","PC_WKGPOP","Q","2021-Q3",73.33912,
"HUN","EMP","TOT","PC_WKGPOP","Q","2021-Q4",73.94662,
"HUN","EMP","TOT","PC_WKGPOP","Q","2022-Q1",74.17535,
"HUN","EMP","TOT","PC_WKGPOP","Q","2022-Q2",74.38526,
"HUN","EMP","TOT","PC_WKGPOP","Q","2022-Q3",74.41826,
"HUN","EMP","TOT","PC_WKGPOP","Q","2022-Q4",74.44283,
"HUN","EMP","TOT","PC_WKGPOP","Q","2023-Q1",74.66283,
"HUN","EMP","TOT","PC_WKGPOP","Q","2023-Q2",74.79351,
"ISL","EMP","TOT","PC_WKGPOP","Q","2019-Q1",84.99632,
"ISL","EMP","TOT","PC_WKGPOP","Q","2019-Q2",84.80004,
"ISL","EMP","TOT","PC_WKGPOP","Q","2019-Q3",82.99119,
"ISL","EMP","TOT","PC_WKGPOP","Q","2019-Q4",83.61204,
"ISL","EMP","TOT","PC_WKGPOP","Q","2020-Q1",83.18687,
"ISL","EMP","TOT","PC_WKGPOP","Q","2020-Q2",79.79946,
"ISL","EMP","TOT","PC_WKGPOP","Q","2020-Q3",81.57708,
"ISL","EMP","TOT","PC_WKGPOP","Q","2020-Q4",76.7008,
"ISL","EMP","TOT","PC_WKGPOP","Q","2021-Q1",77.39467,
"ISL","EMP","TOT","PC_WKGPOP","Q","2021-Q2",79.03399,
"ISL","EMP","TOT","PC_WKGPOP","Q","2021-Q3",80.74012,
"ISL","EMP","TOT","PC_WKGPOP","Q","2021-Q4",81.84346,
"ISL","EMP","TOT","PC_WKGPOP","Q","2022-Q1",82.93317,
"ISL","EMP","TOT","PC_WKGPOP","Q","2022-Q2",83.59019,
"ISL","EMP","TOT","PC_WKGPOP","Q","2022-Q3",82.52309,
"ISL","EMP","TOT","PC_WKGPOP","Q","2022-Q4",83.97673,
"ISL","EMP","TOT","PC_WKGPOP","Q","2023-Q1",83.72017,
"ISL","EMP","TOT","PC_WKGPOP","Q","2023-Q2",84.67846,
"IRL","EMP","TOT","PC_WKGPOP","Q","2019-Q1",69.37405,
"IRL","EMP","TOT","PC_WKGPOP","Q","2019-Q2",69.49886,
"IRL","EMP","TOT","PC_WKGPOP","Q","2019-Q3",69.22227,
"IRL","EMP","TOT","PC_WKGPOP","Q","2019-Q4",69.57236,
"IRL","EMP","TOT","PC_WKGPOP","Q","2020-Q1",69.6517,
"IRL","EMP","TOT","PC_WKGPOP","Q","2020-Q2",63.98517,
"IRL","EMP","TOT","PC_WKGPOP","Q","2020-Q3",66.1331,
"IRL","EMP","TOT","PC_WKGPOP","Q","2020-Q4",66.49258,
"IRL","EMP","TOT","PC_WKGPOP","Q","2021-Q1",66.07146,
"IRL","EMP","TOT","PC_WKGPOP","Q","2021-Q2",69.13724,
"IRL","EMP","TOT","PC_WKGPOP","Q","2021-Q3",71.5956,
"IRL","EMP","TOT","PC_WKGPOP","Q","2021-Q4",72.58836,
"IRL","EMP","TOT","PC_WKGPOP","Q","2022-Q1",73.1803,
"IRL","EMP","TOT","PC_WKGPOP","Q","2022-Q2",73.71295,
"IRL","EMP","TOT","PC_WKGPOP","Q","2022-Q3",72.81447,
"IRL","EMP","TOT","PC_WKGPOP","Q","2022-Q4",73.08205,
"IRL","EMP","TOT","PC_WKGPOP","Q","2023-Q1",73.84921,
"IRL","EMP","TOT","PC_WKGPOP","Q","2023-Q2",74.33183,
"ITA","EMP","TOT","PC_WKGPOP","Q","2019-Q1",58.71486,
"ITA","EMP","TOT","PC_WKGPOP","Q","2019-Q2",59.32359,
"ITA","EMP","TOT","PC_WKGPOP","Q","2019-Q3",59.13124,
"ITA","EMP","TOT","PC_WKGPOP","Q","2019-Q4",59.0259,
"ITA","EMP","TOT","PC_WKGPOP","Q","2020-Q1",58.79556,
"ITA","EMP","TOT","PC_WKGPOP","Q","2020-Q2",56.72125,
"ITA","EMP","TOT","PC_WKGPOP","Q","2020-Q3",57.01987,
"ITA","EMP","TOT","PC_WKGPOP","Q","2020-Q4",57.32228,
"ITA","EMP","TOT","PC_WKGPOP","Q","2021-Q1",56.68169,
"ITA","EMP","TOT","PC_WKGPOP","Q","2021-Q2",57.94487,
"ITA","EMP","TOT","PC_WKGPOP","Q","2021-Q3",58.84589,
"ITA","EMP","TOT","PC_WKGPOP","Q","2021-Q4",59.43233,
"ITA","EMP","TOT","PC_WKGPOP","Q","2022-Q1",59.50974,
"ITA","EMP","TOT","PC_WKGPOP","Q","2022-Q2",60.21114,
"ITA","EMP","TOT","PC_WKGPOP","Q","2022-Q3",60.11091,
"ITA","EMP","TOT","PC_WKGPOP","Q","2022-Q4",60.73966,
"ITA","EMP","TOT","PC_WKGPOP","Q","2023-Q1",60.97546,
"ITA","EMP","TOT","PC_WKGPOP","Q","2023-Q2",61.33025,
"JPN","EMP","TOT","PC_WKGPOP","Q","2019-Q1",77.51456,
"JPN","EMP","TOT","PC_WKGPOP","Q","2019-Q2",77.7047,
"JPN","EMP","TOT","PC_WKGPOP","Q","2019-Q3",77.9323,
"JPN","EMP","TOT","PC_WKGPOP","Q","2019-Q4",78.1069,
"JPN","EMP","TOT","PC_WKGPOP","Q","2020-Q1",78.05561,
"JPN","EMP","TOT","PC_WKGPOP","Q","2020-Q2",77.08415,
"JPN","EMP","TOT","PC_WKGPOP","Q","2020-Q3",77.18217,
"JPN","EMP","TOT","PC_WKGPOP","Q","2020-Q4",77.48966,
"JPN","EMP","TOT","PC_WKGPOP","Q","2021-Q1",77.74486,
"JPN","EMP","TOT","PC_WKGPOP","Q","2021-Q2",77.80989,
"JPN","EMP","TOT","PC_WKGPOP","Q","2021-Q3",78.01797,
"JPN","EMP","TOT","PC_WKGPOP","Q","2021-Q4",77.94625,
"JPN","EMP","TOT","PC_WKGPOP","Q","2022-Q1",78.05282,
"JPN","EMP","TOT","PC_WKGPOP","Q","2022-Q2",78.55721,
"JPN","EMP","TOT","PC_WKGPOP","Q","2022-Q3",78.62817,
"JPN","EMP","TOT","PC_WKGPOP","Q","2022-Q4",78.57451,
"JPN","EMP","TOT","PC_WKGPOP","Q","2023-Q1",78.55511,
"JPN","EMP","TOT","PC_WKGPOP","Q","2023-Q2",78.89885,
"JPN","EMP","TOT","PC_WKGPOP","Q","2023-Q3",79.0281,
"KOR","EMP","TOT","PC_WKGPOP","Q","2019-Q1",66.6748,
"KOR","EMP","TOT","PC_WKGPOP","Q","2019-Q2",66.73373,
"KOR","EMP","TOT","PC_WKGPOP","Q","2019-Q3",66.84901,
"KOR","EMP","TOT","PC_WKGPOP","Q","2019-Q4",67.03312,
"KOR","EMP","TOT","PC_WKGPOP","Q","2020-Q1",66.75468,
"KOR","EMP","TOT","PC_WKGPOP","Q","2020-Q2",65.41801,
"KOR","EMP","TOT","PC_WKGPOP","Q","2020-Q3",65.64217,
"KOR","EMP","TOT","PC_WKGPOP","Q","2020-Q4",65.62477,
"KOR","EMP","TOT","PC_WKGPOP","Q","2021-Q1",65.6222,
"KOR","EMP","TOT","PC_WKGPOP","Q","2021-Q2",66.41646,
"KOR","EMP","TOT","PC_WKGPOP","Q","2021-Q3",66.81741,
"KOR","EMP","TOT","PC_WKGPOP","Q","2021-Q4",67.24915,
"KOR","EMP","TOT","PC_WKGPOP","Q","2022-Q1",68.04562,
"KOR","EMP","TOT","PC_WKGPOP","Q","2022-Q2",68.53312,
"KOR","EMP","TOT","PC_WKGPOP","Q","2022-Q3",68.73553,
"KOR","EMP","TOT","PC_WKGPOP","Q","2022-Q4",68.73338,
"KOR","EMP","TOT","PC_WKGPOP","Q","2023-Q1",68.83186,
"KOR","EMP","TOT","PC_WKGPOP","Q","2023-Q2",69.24512,
"KOR","EMP","TOT","PC_WKGPOP","Q","2023-Q3",69.38405,
"LUX","EMP","TOT","PC_WKGPOP","Q","2019-Q1",67.65785,
"LUX","EMP","TOT","PC_WKGPOP","Q","2019-Q2",68.16791,
"LUX","EMP","TOT","PC_WKGPOP","Q","2019-Q3",67.91406,
"LUX","EMP","TOT","PC_WKGPOP","Q","2019-Q4",67.95377,
"LUX","EMP","TOT","PC_WKGPOP","Q","2020-Q1",66.7622,
"LUX","EMP","TOT","PC_WKGPOP","Q","2020-Q2",66.71719,
"LUX","EMP","TOT","PC_WKGPOP","Q","2020-Q3",66.93652,
"LUX","EMP","TOT","PC_WKGPOP","Q","2020-Q4",68.55656,
"LUX","EMP","TOT","PC_WKGPOP","Q","2021-Q1",68.09958,
"LUX","EMP","TOT","PC_WKGPOP","Q","2021-Q2",69.64709,
"LUX","EMP","TOT","PC_WKGPOP","Q","2021-Q3",70.20864,
"LUX","EMP","TOT","PC_WKGPOP","Q","2021-Q4",69.47457,
"LUX","EMP","TOT","PC_WKGPOP","Q","2022-Q1",70.58776,
"LUX","EMP","TOT","PC_WKGPOP","Q","2022-Q2",70.13537,
"LUX","EMP","TOT","PC_WKGPOP","Q","2022-Q3",70.04597,
"LUX","EMP","TOT","PC_WKGPOP","Q","2022-Q4",69.7155,
"LUX","EMP","TOT","PC_WKGPOP","Q","2023-Q1",70.59926,
"LUX","EMP","TOT","PC_WKGPOP","Q","2023-Q2",70.7633,
"MEX","EMP","TOT","PC_WKGPOP","Q","2019-Q1",62.09033,
"MEX","EMP","TOT","PC_WKGPOP","Q","2019-Q2",62.24973,
"MEX","EMP","TOT","PC_WKGPOP","Q","2019-Q3",62.34018,
"MEX","EMP","TOT","PC_WKGPOP","Q","2019-Q4",62.37729,
"MEX","EMP","TOT","PC_WKGPOP","Q","2020-Q1",62.57219,
"MEX","EMP","TOT","PC_WKGPOP","Q","2020-Q2",51.40654,
"MEX","EMP","TOT","PC_WKGPOP","Q","2020-Q3",56.87294,
"MEX","EMP","TOT","PC_WKGPOP","Q","2020-Q4",59.22864,
"MEX","EMP","TOT","PC_WKGPOP","Q","2021-Q1",59.59229,
"MEX","EMP","TOT","PC_WKGPOP","Q","2021-Q2",61.11487,
"MEX","EMP","TOT","PC_WKGPOP","Q","2021-Q3",61.51062,
"MEX","EMP","TOT","PC_WKGPOP","Q","2021-Q4",61.91598,
"MEX","EMP","TOT","PC_WKGPOP","Q","2022-Q1",61.84948,
"MEX","EMP","TOT","PC_WKGPOP","Q","2022-Q2",62.5863,
"MEX","EMP","TOT","PC_WKGPOP","Q","2022-Q3",62.55387,
"MEX","EMP","TOT","PC_WKGPOP","Q","2022-Q4",63.15576,
"MEX","EMP","TOT","PC_WKGPOP","Q","2023-Q1",63.81595,
"MEX","EMP","TOT","PC_WKGPOP","Q","2023-Q2",63.36795,
"NLD","EMP","TOT","PC_WKGPOP","Q","2019-Q1",79.4565,
"NLD","EMP","TOT","PC_WKGPOP","Q","2019-Q2",79.7197,
"NLD","EMP","TOT","PC_WKGPOP","Q","2019-Q3",79.77459,
"NLD","EMP","TOT","PC_WKGPOP","Q","2019-Q4",79.76942,
"NLD","EMP","TOT","PC_WKGPOP","Q","2020-Q1",80.10939,
"NLD","EMP","TOT","PC_WKGPOP","Q","2020-Q2",78.95673,
"NLD","EMP","TOT","PC_WKGPOP","Q","2020-Q3",78.86728,
"NLD","EMP","TOT","PC_WKGPOP","Q","2020-Q4",79.23765,
"NLD","EMP","TOT","PC_WKGPOP","Q","2021-Q1",79.43129,
"NLD","EMP","TOT","PC_WKGPOP","Q","2021-Q2",79.83975,
"NLD","EMP","TOT","PC_WKGPOP","Q","2021-Q3",80.41928,
"NLD","EMP","TOT","PC_WKGPOP","Q","2021-Q4",80.84986,
"NLD","EMP","TOT","PC_WKGPOP","Q","2022-Q1",81.37928,
"NLD","EMP","TOT","PC_WKGPOP","Q","2022-Q2",81.8541,
"NLD","EMP","TOT","PC_WKGPOP","Q","2022-Q3",81.73155,
"NLD","EMP","TOT","PC_WKGPOP","Q","2022-Q4",82.07525,
"NLD","EMP","TOT","PC_WKGPOP","Q","2023-Q1",82.27949,
"NLD","EMP","TOT","PC_WKGPOP","Q","2023-Q2",82.50891,
"NZL","EMP","TOT","PC_WKGPOP","Q","2019-Q1",77.45212,
"NZL","EMP","TOT","PC_WKGPOP","Q","2019-Q2",77.60721,
"NZL","EMP","TOT","PC_WKGPOP","Q","2019-Q3",77.4894,
"NZL","EMP","TOT","PC_WKGPOP","Q","2019-Q4",77.30247,
"NZL","EMP","TOT","PC_WKGPOP","Q","2020-Q1",77.6831,
"NZL","EMP","TOT","PC_WKGPOP","Q","2020-Q2",76.84844,
"NZL","EMP","TOT","PC_WKGPOP","Q","2020-Q3",76.10585,
"NZL","EMP","TOT","PC_WKGPOP","Q","2020-Q4",76.52039,
"NZL","EMP","TOT","PC_WKGPOP","Q","2021-Q1",77.11617,
"NZL","EMP","TOT","PC_WKGPOP","Q","2021-Q2",77.84718,
"NZL","EMP","TOT","PC_WKGPOP","Q","2021-Q3",79.10116,
"NZL","EMP","TOT","PC_WKGPOP","Q","2021-Q4",79.26727,
"NZL","EMP","TOT","PC_WKGPOP","Q","2022-Q1",79.10984,
"NZL","EMP","TOT","PC_WKGPOP","Q","2022-Q2",79.2183,
"NZL","EMP","TOT","PC_WKGPOP","Q","2022-Q3",80.12969,
"NZL","EMP","TOT","PC_WKGPOP","Q","2022-Q4",80.25785,
"NZL","EMP","TOT","PC_WKGPOP","Q","2023-Q1",80.36201,
"NZL","EMP","TOT","PC_WKGPOP","Q","2023-Q2",80.39118,
"NZL","EMP","TOT","PC_WKGPOP","Q","2023-Q3",79.79467,
"NOR","EMP","TOT","PC_WKGPOP","Q","2019-Q1",75.04692,
"NOR","EMP","TOT","PC_WKGPOP","Q","2019-Q2",75.33337,
"NOR","EMP","TOT","PC_WKGPOP","Q","2019-Q3",75.57523,
"NOR","EMP","TOT","PC_WKGPOP","Q","2019-Q4",75.23962,
"NOR","EMP","TOT","PC_WKGPOP","Q","2020-Q1",75.52915,
"NOR","EMP","TOT","PC_WKGPOP","Q","2020-Q2",74.36269,
"NOR","EMP","TOT","PC_WKGPOP","Q","2020-Q3",74.17213,
"NOR","EMP","TOT","PC_WKGPOP","Q","2020-Q4",74.60055,
"NOR","EMP","TOT","PC_WKGPOP","Q","2021-Q1",74.8847,
"NOR","EMP","TOT","PC_WKGPOP","Q","2021-Q2",75.98611,
"NOR","EMP","TOT","PC_WKGPOP","Q","2021-Q3",76.92081,
"NOR","EMP","TOT","PC_WKGPOP","Q","2021-Q4",77.392,
"NOR","EMP","TOT","PC_WKGPOP","Q","2022-Q1",77.85249,
"NOR","EMP","TOT","PC_WKGPOP","Q","2022-Q2",77.8077,
"NOR","EMP","TOT","PC_WKGPOP","Q","2022-Q3",77.71002,
"NOR","EMP","TOT","PC_WKGPOP","Q","2022-Q4",77.52653,
"NOR","EMP","TOT","PC_WKGPOP","Q","2023-Q1",77.24049,
"NOR","EMP","TOT","PC_WKGPOP","Q","2023-Q2",77.3922,
"POL","EMP","TOT","PC_WKGPOP","Q","2019-Q1",66.81823,
"POL","EMP","TOT","PC_WKGPOP","Q","2019-Q2",67.74899,
"POL","EMP","TOT","PC_WKGPOP","Q","2019-Q3",67.84679,
"POL","EMP","TOT","PC_WKGPOP","Q","2019-Q4",67.71274,
"POL","EMP","TOT","PC_WKGPOP","Q","2020-Q1",67.70321,
"POL","EMP","TOT","PC_WKGPOP","Q","2020-Q2",67.29468,
"POL","EMP","TOT","PC_WKGPOP","Q","2020-Q3",67.89141,
"POL","EMP","TOT","PC_WKGPOP","Q","2020-Q4",68.43622,
"POL","EMP","TOT","PC_WKGPOP","Q","2021-Q1",69.38984,
"POL","EMP","TOT","PC_WKGPOP","Q","2021-Q2",70.10421,
"POL","EMP","TOT","PC_WKGPOP","Q","2021-Q3",70.75173,
"POL","EMP","TOT","PC_WKGPOP","Q","2021-Q4",70.91529,
"POL","EMP","TOT","PC_WKGPOP","Q","2022-Q1",71.19512,
"POL","EMP","TOT","PC_WKGPOP","Q","2022-Q2",71.2944,
"POL","EMP","TOT","PC_WKGPOP","Q","2022-Q3",71.14265,
"POL","EMP","TOT","PC_WKGPOP","Q","2022-Q4",71.73232,
"POL","EMP","TOT","PC_WKGPOP","Q","2023-Q1",72.13653,
"POL","EMP","TOT","PC_WKGPOP","Q","2023-Q2",71.8876,
"PRT","EMP","TOT","PC_WKGPOP","Q","2019-Q1",69.61426,
"PRT","EMP","TOT","PC_WKGPOP","Q","2019-Q2",69.7673,
"PRT","EMP","TOT","PC_WKGPOP","Q","2019-Q3",70.15088,
"PRT","EMP","TOT","PC_WKGPOP","Q","2019-Q4",69.85361,
"PRT","EMP","TOT","PC_WKGPOP","Q","2020-Q1",69.57381,
"PRT","EMP","TOT","PC_WKGPOP","Q","2020-Q2",67.43667,
"PRT","EMP","TOT","PC_WKGPOP","Q","2020-Q3",68.11121,
"PRT","EMP","TOT","PC_WKGPOP","Q","2020-Q4",68.94842,
"PRT","EMP","TOT","PC_WKGPOP","Q","2021-Q1",68.63157,
"PRT","EMP","TOT","PC_WKGPOP","Q","2021-Q2",70.0582,
"PRT","EMP","TOT","PC_WKGPOP","Q","2021-Q3",70.86558,
"PRT","EMP","TOT","PC_WKGPOP","Q","2021-Q4",70.95547,
"PRT","EMP","TOT","PC_WKGPOP","Q","2022-Q1",71.68093,
"PRT","EMP","TOT","PC_WKGPOP","Q","2022-Q2",71.5518,
"PRT","EMP","TOT","PC_WKGPOP","Q","2022-Q3",71.89954,
"PRT","EMP","TOT","PC_WKGPOP","Q","2022-Q4",71.66492,
"PRT","EMP","TOT","PC_WKGPOP","Q","2023-Q1",71.81673,
"PRT","EMP","TOT","PC_WKGPOP","Q","2023-Q2",72.38449,
"SVK","EMP","TOT","PC_WKGPOP","Q","2019-Q1",70.62393,
"SVK","EMP","TOT","PC_WKGPOP","Q","2019-Q2",70.36148,
"SVK","EMP","TOT","PC_WKGPOP","Q","2019-Q3",70.43056,
"SVK","EMP","TOT","PC_WKGPOP","Q","2019-Q4",70.24036,
"SVK","EMP","TOT","PC_WKGPOP","Q","2020-Q1",70.09463,
"SVK","EMP","TOT","PC_WKGPOP","Q","2020-Q2",69.16485,
"SVK","EMP","TOT","PC_WKGPOP","Q","2020-Q3",69.31741,
"SVK","EMP","TOT","PC_WKGPOP","Q","2020-Q4",69.38248,
"SVK","EMP","TOT","PC_WKGPOP","Q","2021-Q1",68.12506,
"SVK","EMP","TOT","PC_WKGPOP","Q","2021-Q2",69.11366,
"SVK","EMP","TOT","PC_WKGPOP","Q","2021-Q3",70.03484,
"SVK","EMP","TOT","PC_WKGPOP","Q","2021-Q4",70.51203,
"SVK","EMP","TOT","PC_WKGPOP","Q","2022-Q1",70.79134,
"SVK","EMP","TOT","PC_WKGPOP","Q","2022-Q2",71.50953,
"SVK","EMP","TOT","PC_WKGPOP","Q","2022-Q3",71.37047,
"SVK","EMP","TOT","PC_WKGPOP","Q","2022-Q4",71.64417,
"SVK","EMP","TOT","PC_WKGPOP","Q","2023-Q1",71.58086,
"SVK","EMP","TOT","PC_WKGPOP","Q","2023-Q2",72.08301,
"ESP","EMP","TOT","PC_WKGPOP","Q","2019-Q1",63.00329,
"ESP","EMP","TOT","PC_WKGPOP","Q","2019-Q2",63.59224,
"ESP","EMP","TOT","PC_WKGPOP","Q","2019-Q3",63.28215,
"ESP","EMP","TOT","PC_WKGPOP","Q","2019-Q4",63.35347,
"ESP","EMP","TOT","PC_WKGPOP","Q","2020-Q1",62.67451,
"ESP","EMP","TOT","PC_WKGPOP","Q","2020-Q2",59.3508,
"ESP","EMP","TOT","PC_WKGPOP","Q","2020-Q3",60.67383,
"ESP","EMP","TOT","PC_WKGPOP","Q","2020-Q4",61.08115,
"ESP","EMP","TOT","PC_WKGPOP","Q","2021-Q1",61.22124,
"ESP","EMP","TOT","PC_WKGPOP","Q","2021-Q2",62.5013,
"ESP","EMP","TOT","PC_WKGPOP","Q","2021-Q3",63.37902,
"ESP","EMP","TOT","PC_WKGPOP","Q","2021-Q4",63.8891,
"ESP","EMP","TOT","PC_WKGPOP","Q","2022-Q1",64.10294,
"ESP","EMP","TOT","PC_WKGPOP","Q","2022-Q2",64.58621,
"ESP","EMP","TOT","PC_WKGPOP","Q","2022-Q3",64.54653,
"ESP","EMP","TOT","PC_WKGPOP","Q","2022-Q4",64.38895,
"ESP","EMP","TOT","PC_WKGPOP","Q","2023-Q1",64.65857,
"ESP","EMP","TOT","PC_WKGPOP","Q","2023-Q2",65.43542,
"SWE","EMP","TOT","PC_WKGPOP","Q","2019-Q1",76.70627,
"SWE","EMP","TOT","PC_WKGPOP","Q","2019-Q2",76.77686,
"SWE","EMP","TOT","PC_WKGPOP","Q","2019-Q3",76.45786,
"SWE","EMP","TOT","PC_WKGPOP","Q","2019-Q4",76.41675,
"SWE","EMP","TOT","PC_WKGPOP","Q","2020-Q1",75.83537,
"SWE","EMP","TOT","PC_WKGPOP","Q","2020-Q2",74.56883,
"SWE","EMP","TOT","PC_WKGPOP","Q","2020-Q3",74.44956,
"SWE","EMP","TOT","PC_WKGPOP","Q","2020-Q4",74.66454,
"SWE","EMP","TOT","PC_WKGPOP","Q","2021-Q1",74.44903,
"SWE","EMP","TOT","PC_WKGPOP","Q","2021-Q2",75.31976,
"SWE","EMP","TOT","PC_WKGPOP","Q","2021-Q3",75.64301,
"SWE","EMP","TOT","PC_WKGPOP","Q","2021-Q4",76.10316,
"SWE","EMP","TOT","PC_WKGPOP","Q","2022-Q1",76.59804,
"SWE","EMP","TOT","PC_WKGPOP","Q","2022-Q2",77.14918,
"SWE","EMP","TOT","PC_WKGPOP","Q","2022-Q3",77.36398,
"SWE","EMP","TOT","PC_WKGPOP","Q","2022-Q4",77.30975,
"SWE","EMP","TOT","PC_WKGPOP","Q","2023-Q1",77.56799,
"SWE","EMP","TOT","PC_WKGPOP","Q","2023-Q2",77.73667,
"CHE","EMP","TOT","PC_WKGPOP","Q","2019-Q1",80.21674,
"CHE","EMP","TOT","PC_WKGPOP","Q","2019-Q2",80.56333,
"CHE","EMP","TOT","PC_WKGPOP","Q","2019-Q3",80.44712,
"CHE","EMP","TOT","PC_WKGPOP","Q","2019-Q4",80.71161,
"CHE","EMP","TOT","PC_WKGPOP","Q","2020-Q1",80.61099,
"CHE","EMP","TOT","PC_WKGPOP","Q","2020-Q2",79.09505,
"CHE","EMP","TOT","PC_WKGPOP","Q","2020-Q3",79.76193,
"CHE","EMP","TOT","PC_WKGPOP","Q","2020-Q4",80.27194,
"CHE","EMP","TOT","PC_WKGPOP","Q","2021-Q1",79.01328,
"CHE","EMP","TOT","PC_WKGPOP","Q","2021-Q2",78.42769,
"CHE","EMP","TOT","PC_WKGPOP","Q","2021-Q3",79.45615,
"CHE","EMP","TOT","PC_WKGPOP","Q","2021-Q4",80.17235,
"CHE","EMP","TOT","PC_WKGPOP","Q","2022-Q1",79.53085,
"CHE","EMP","TOT","PC_WKGPOP","Q","2022-Q2",79.27021,
"CHE","EMP","TOT","PC_WKGPOP","Q","2022-Q3",79.34969,
"CHE","EMP","TOT","PC_WKGPOP","Q","2022-Q4",79.6957,
"CHE","EMP","TOT","PC_WKGPOP","Q","2023-Q1",80.09088,
"CHE","EMP","TOT","PC_WKGPOP","Q","2023-Q2",80.65765,
"TUR","EMP","TOT","PC_WKGPOP","Q","2019-Q1",50.54081,
"TUR","EMP","TOT","PC_WKGPOP","Q","2019-Q2",50.27637,
"TUR","EMP","TOT","PC_WKGPOP","Q","2019-Q3",50.05465,
"TUR","EMP","TOT","PC_WKGPOP","Q","2019-Q4",50.26246,
"TUR","EMP","TOT","PC_WKGPOP","Q","2020-Q1",48.82534,
"TUR","EMP","TOT","PC_WKGPOP","Q","2020-Q2",45.70124,
"TUR","EMP","TOT","PC_WKGPOP","Q","2020-Q3",47.78268,
"TUR","EMP","TOT","PC_WKGPOP","Q","2020-Q4",47.76472,
"TUR","EMP","TOT","PC_WKGPOP","Q","2021-Q1",49.15507,
"TUR","EMP","TOT","PC_WKGPOP","Q","2021-Q2",49.54257,
"TUR","EMP","TOT","PC_WKGPOP","Q","2021-Q3",50.74436,
"TUR","EMP","TOT","PC_WKGPOP","Q","2021-Q4",51.57916,
"TUR","EMP","TOT","PC_WKGPOP","Q","2022-Q1",51.96622,
"TUR","EMP","TOT","PC_WKGPOP","Q","2022-Q2",52.80938,
"TUR","EMP","TOT","PC_WKGPOP","Q","2022-Q3",52.78106,
"TUR","EMP","TOT","PC_WKGPOP","Q","2022-Q4",53.77618,
"TUR","EMP","TOT","PC_WKGPOP","Q","2023-Q1",53.80708,
"TUR","EMP","TOT","PC_WKGPOP","Q","2023-Q2",53.56366,
"GBR","EMP","TOT","PC_WKGPOP","Q","2019-Q1",76.05743,
"GBR","EMP","TOT","PC_WKGPOP","Q","2019-Q2",76.1029,
"GBR","EMP","TOT","PC_WKGPOP","Q","2019-Q3",76.04663,
"GBR","EMP","TOT","PC_WKGPOP","Q","2019-Q4",76.47201,
"GBR","EMP","TOT","PC_WKGPOP","Q","2020-Q1",76.32597,
"GBR","EMP","TOT","PC_WKGPOP","Q","2020-Q2",75.71138,
"GBR","EMP","TOT","PC_WKGPOP","Q","2020-Q3",74.92329,
"GBR","EMP","TOT","PC_WKGPOP","Q","2020-Q4",74.57873,
"GBR","EMP","TOT","PC_WKGPOP","Q","2021-Q1",74.67038,
"GBR","EMP","TOT","PC_WKGPOP","Q","2021-Q2",75.01875,
"GBR","EMP","TOT","PC_WKGPOP","Q","2021-Q3",75.33553,
"GBR","EMP","TOT","PC_WKGPOP","Q","2021-Q4",75.4696,
"GBR","EMP","TOT","PC_WKGPOP","Q","2022-Q1",75.62624,
"GBR","EMP","TOT","PC_WKGPOP","Q","2022-Q2",75.51773,
"GBR","EMP","TOT","PC_WKGPOP","Q","2022-Q3",75.47619,
"GBR","EMP","TOT","PC_WKGPOP","Q","2022-Q4",75.62912,
"GBR","EMP","TOT","PC_WKGPOP","Q","2023-Q1",75.87716,
"GBR","EMP","TOT","PC_WKGPOP","Q","2023-Q2",75.73028,
"USA","EMP","TOT","PC_WKGPOP","Q","2019-Q1",71.04366,
"USA","EMP","TOT","PC_WKGPOP","Q","2019-Q2",71.17416,
"USA","EMP","TOT","PC_WKGPOP","Q","2019-Q3",71.46662,
"USA","EMP","TOT","PC_WKGPOP","Q","2019-Q4",71.71152,
"USA","EMP","TOT","PC_WKGPOP","Q","2020-Q1",71.371,
"USA","EMP","TOT","PC_WKGPOP","Q","2020-Q2",62.39488,
"USA","EMP","TOT","PC_WKGPOP","Q","2020-Q3",66.38037,
"USA","EMP","TOT","PC_WKGPOP","Q","2020-Q4",67.88529,
"USA","EMP","TOT","PC_WKGPOP","Q","2021-Q1",68.39278,
"USA","EMP","TOT","PC_WKGPOP","Q","2021-Q2",68.90335,
"USA","EMP","TOT","PC_WKGPOP","Q","2021-Q3",69.75758,
"USA","EMP","TOT","PC_WKGPOP","Q","2021-Q4",70.55584,
"USA","EMP","TOT","PC_WKGPOP","Q","2022-Q1",70.97579,
"USA","EMP","TOT","PC_WKGPOP","Q","2022-Q2",71.27409,
"USA","EMP","TOT","PC_WKGPOP","Q","2022-Q3",71.39587,
"USA","EMP","TOT","PC_WKGPOP","Q","2022-Q4",71.39834,
"USA","EMP","TOT","PC_WKGPOP","Q","2023-Q1",71.78157,
"USA","EMP","TOT","PC_WKGPOP","Q","2023-Q2",71.9695,
"USA","EMP","TOT","PC_WKGPOP","Q","2023-Q3",72.02103,
"CHL","EMP","TOT","PC_WKGPOP","Q","2019-Q1",63.70275,
"CHL","EMP","TOT","PC_WKGPOP","Q","2019-Q2",64.26729,
"CHL","EMP","TOT","PC_WKGPOP","Q","2019-Q3",64.52708,
"CHL","EMP","TOT","PC_WKGPOP","Q","2019-Q4",63.87756,
"CHL","EMP","TOT","PC_WKGPOP","Q","2020-Q1",63.16899,
"CHL","EMP","TOT","PC_WKGPOP","Q","2020-Q2",51.24503,
"CHL","EMP","TOT","PC_WKGPOP","Q","2020-Q3",52.61997,
"CHL","EMP","TOT","PC_WKGPOP","Q","2020-Q4",56.37878,
"CHL","EMP","TOT","PC_WKGPOP","Q","2021-Q1",57.373,
"CHL","EMP","TOT","PC_WKGPOP","Q","2021-Q2",57.07974,
"CHL","EMP","TOT","PC_WKGPOP","Q","2021-Q3",59.10171,
"CHL","EMP","TOT","PC_WKGPOP","Q","2021-Q4",60.32909,
"CHL","EMP","TOT","PC_WKGPOP","Q","2022-Q1",61.5216,
"CHL","EMP","TOT","PC_WKGPOP","Q","2022-Q2",62.10888,
"CHL","EMP","TOT","PC_WKGPOP","Q","2022-Q3",62.13083,
"CHL","EMP","TOT","PC_WKGPOP","Q","2022-Q4",61.96186,
"CHL","EMP","TOT","PC_WKGPOP","Q","2023-Q1",62.34045,
"CHL","EMP","TOT","PC_WKGPOP","Q","2023-Q2",63.12573,
"CHL","EMP","TOT","PC_WKGPOP","Q","2023-Q3",62.85963,
"EST","EMP","TOT","PC_WKGPOP","Q","2019-Q1",74.24801,
"EST","EMP","TOT","PC_WKGPOP","Q","2019-Q2",74.38496,
"EST","EMP","TOT","PC_WKGPOP","Q","2019-Q3",75.70055,
"EST","EMP","TOT","PC_WKGPOP","Q","2019-Q4",76.10062,
"EST","EMP","TOT","PC_WKGPOP","Q","2020-Q1",74.79657,
"EST","EMP","TOT","PC_WKGPOP","Q","2020-Q2",72.20338,
"EST","EMP","TOT","PC_WKGPOP","Q","2020-Q3",73.26637,
"EST","EMP","TOT","PC_WKGPOP","Q","2020-Q4",73.71114,
"EST","EMP","TOT","PC_WKGPOP","Q","2021-Q1",73.54137,
"EST","EMP","TOT","PC_WKGPOP","Q","2021-Q2",72.8947,
"EST","EMP","TOT","PC_WKGPOP","Q","2021-Q3",74.44382,
"EST","EMP","TOT","PC_WKGPOP","Q","2021-Q4",75.11024,
"EST","EMP","TOT","PC_WKGPOP","Q","2022-Q1",76.30383,
"EST","EMP","TOT","PC_WKGPOP","Q","2022-Q2",76.17564,
"EST","EMP","TOT","PC_WKGPOP","Q","2022-Q3",76.33518,
"EST","EMP","TOT","PC_WKGPOP","Q","2022-Q4",76.84142,
"EST","EMP","TOT","PC_WKGPOP","Q","2023-Q1",76.49272,
"EST","EMP","TOT","PC_WKGPOP","Q","2023-Q2",76.5537,
"ISR","EMP","TOT","PC_WKGPOP","Q","2019-Q1",69.25401,
"ISR","EMP","TOT","PC_WKGPOP","Q","2019-Q2",69.01047,
"ISR","EMP","TOT","PC_WKGPOP","Q","2019-Q3",68.80279,
"ISR","EMP","TOT","PC_WKGPOP","Q","2019-Q4",68.62926,
"ISR","EMP","TOT","PC_WKGPOP","Q","2020-Q1",68.53218,
"ISR","EMP","TOT","PC_WKGPOP","Q","2020-Q2",66.64864,
"ISR","EMP","TOT","PC_WKGPOP","Q","2020-Q3",66.12542,
"ISR","EMP","TOT","PC_WKGPOP","Q","2020-Q4",65.83088,
"ISR","EMP","TOT","PC_WKGPOP","Q","2021-Q1",65.28133,
"ISR","EMP","TOT","PC_WKGPOP","Q","2021-Q2",65.714,
"ISR","EMP","TOT","PC_WKGPOP","Q","2021-Q3",67.12276,
"ISR","EMP","TOT","PC_WKGPOP","Q","2021-Q4",68.26851,
"ISR","EMP","TOT","PC_WKGPOP","Q","2022-Q1",69.0685,
"ISR","EMP","TOT","PC_WKGPOP","Q","2022-Q2",69.07442,
"ISR","EMP","TOT","PC_WKGPOP","Q","2022-Q3",69.54559,
"ISR","EMP","TOT","PC_WKGPOP","Q","2022-Q4",69.03702,
"ISR","EMP","TOT","PC_WKGPOP","Q","2023-Q1",70.17688,
"ISR","EMP","TOT","PC_WKGPOP","Q","2023-Q2",70.17545,
"ISR","EMP","TOT","PC_WKGPOP","Q","2023-Q3",69.99854,
"SVN","EMP","TOT","PC_WKGPOP","Q","2019-Q1",71.3707,
"SVN","EMP","TOT","PC_WKGPOP","Q","2019-Q2",71.8536,
"SVN","EMP","TOT","PC_WKGPOP","Q","2019-Q3",71.04496,
"SVN","EMP","TOT","PC_WKGPOP","Q","2019-Q4",70.91153,
"SVN","EMP","TOT","PC_WKGPOP","Q","2020-Q1",71.33343,
"SVN","EMP","TOT","PC_WKGPOP","Q","2020-Q2",69.37788,
"SVN","EMP","TOT","PC_WKGPOP","Q","2020-Q3",69.48947,
"SVN","EMP","TOT","PC_WKGPOP","Q","2020-Q4",70.07561,
"SVN","EMP","TOT","PC_WKGPOP","Q","2021-Q1",69.00964,
"SVN","EMP","TOT","PC_WKGPOP","Q","2021-Q2",71.67484,
"SVN","EMP","TOT","PC_WKGPOP","Q","2021-Q3",72.76155,
"SVN","EMP","TOT","PC_WKGPOP","Q","2021-Q4",72.32367,
"SVN","EMP","TOT","PC_WKGPOP","Q","2022-Q1",73.16875,
"SVN","EMP","TOT","PC_WKGPOP","Q","2022-Q2",73.01576,
"SVN","EMP","TOT","PC_WKGPOP","Q","2022-Q3",73.39708,
"SVN","EMP","TOT","PC_WKGPOP","Q","2022-Q4",72.93623,
"SVN","EMP","TOT","PC_WKGPOP","Q","2023-Q1",72.04592,
"SVN","EMP","TOT","PC_WKGPOP","Q","2023-Q2",72.95356,
"ZAF","EMP","TOT","PC_WKGPOP","Q","2019-Q1",42.59087,
"ZAF","EMP","TOT","PC_WKGPOP","Q","2019-Q2",42.25592,
"ZAF","EMP","TOT","PC_WKGPOP","Q","2019-Q3",42.49841,
"ZAF","EMP","TOT","PC_WKGPOP","Q","2019-Q4",42.49647,
"ZAF","EMP","TOT","PC_WKGPOP","Q","2020-Q1",42.27786,
"ZAF","EMP","TOT","PC_WKGPOP","Q","2020-Q2",36.02471,
"ZAF","EMP","TOT","PC_WKGPOP","Q","2020-Q3",37.51429,
"ZAF","EMP","TOT","PC_WKGPOP","Q","2020-Q4",38.33598,
"ZAF","EMP","TOT","PC_WKGPOP","Q","2021-Q1",38.12766,
"ZAF","EMP","TOT","PC_WKGPOP","Q","2021-Q2",37.56415,
"ZAF","EMP","TOT","PC_WKGPOP","Q","2021-Q3",35.97744,
"ZAF","EMP","TOT","PC_WKGPOP","Q","2021-Q4",36.46494,
"ZAF","EMP","TOT","PC_WKGPOP","Q","2022-Q1",37.34656,
"ZAF","EMP","TOT","PC_WKGPOP","Q","2022-Q2",38.59439,
"ZAF","EMP","TOT","PC_WKGPOP","Q","2022-Q3",39.13844,
"ZAF","EMP","TOT","PC_WKGPOP","Q","2022-Q4",39.38668,
"ZAF","EMP","TOT","PC_WKGPOP","Q","2023-Q1",39.98643,
"ZAF","EMP","TOT","PC_WKGPOP","Q","2023-Q2",40.02247,
"OECD","EMP","TOT","PC_WKGPOP","Q","2019-Q1",68.57632,"E"
"OECD","EMP","TOT","PC_WKGPOP","Q","2019-Q2",68.79404,"E"
"OECD","EMP","TOT","PC_WKGPOP","Q","2019-Q3",68.79151,"E"
"OECD","EMP","TOT","PC_WKGPOP","Q","2019-Q4",68.89825,"E"
"OECD","EMP","TOT","PC_WKGPOP","Q","2020-Q1",68.47854,"E"
"OECD","EMP","TOT","PC_WKGPOP","Q","2020-Q2",63.48402,"E"
"OECD","EMP","TOT","PC_WKGPOP","Q","2020-Q3",65.56512,"E"
"OECD","EMP","TOT","PC_WKGPOP","Q","2020-Q4",66.52081,"E"
"OECD","EMP","TOT","PC_WKGPOP","Q","2021-Q1",66.69384,"E"
"OECD","EMP","TOT","PC_WKGPOP","Q","2021-Q2",67.37846,"E"
"OECD","EMP","TOT","PC_WKGPOP","Q","2021-Q3",68.09995,"E"
"OECD","EMP","TOT","PC_WKGPOP","Q","2021-Q4",68.56245,"E"
"OECD","EMP","TOT","PC_WKGPOP","Q","2022-Q1",68.95514,"E"
"OECD","EMP","TOT","PC_WKGPOP","Q","2022-Q2",69.42185,"E"
"OECD","EMP","TOT","PC_WKGPOP","Q","2022-Q3",69.4561,"E"
"OECD","EMP","TOT","PC_WKGPOP","Q","2022-Q4",69.59667,"E"
"OECD","EMP","TOT","PC_WKGPOP","Q","2023-Q1",69.88156,"E"
"OECD","EMP","TOT","PC_WKGPOP","Q","2023-Q2",70.07087,"E"
"G-7","EMP","TOT","PC_WKGPOP","Q","2019-Q1",71.78821,"E"
"G-7","EMP","TOT","PC_WKGPOP","Q","2019-Q2",71.97466,"E"
"G-7","EMP","TOT","PC_WKGPOP","Q","2019-Q3",72.08916,"E"
"G-7","EMP","TOT","PC_WKGPOP","Q","2019-Q4",72.28299,"E"
"G-7","EMP","TOT","PC_WKGPOP","Q","2020-Q1",71.89781,"E"
"G-7","EMP","TOT","PC_WKGPOP","Q","2020-Q2",67.09546,"E"
"G-7","EMP","TOT","PC_WKGPOP","Q","2020-Q3",69.10026,"E"
"G-7","EMP","TOT","PC_WKGPOP","Q","2020-Q4",69.96661,"E"
"G-7","EMP","TOT","PC_WKGPOP","Q","2021-Q1",70.19943,"E"
"G-7","EMP","TOT","PC_WKGPOP","Q","2021-Q2",70.71074,"E"
"G-7","EMP","TOT","PC_WKGPOP","Q","2021-Q3",71.42297,"E"
"G-7","EMP","TOT","PC_WKGPOP","Q","2021-Q4",71.90479,"E"
"G-7","EMP","TOT","PC_WKGPOP","Q","2022-Q1",72.16161,"E"
"G-7","EMP","TOT","PC_WKGPOP","Q","2022-Q2",72.49284,"E"
"G-7","EMP","TOT","PC_WKGPOP","Q","2022-Q3",72.55859,"E"
"G-7","EMP","TOT","PC_WKGPOP","Q","2022-Q4",72.65487,"E"
"G-7","EMP","TOT","PC_WKGPOP","Q","2023-Q1",72.90317,"E"
"G-7","EMP","TOT","PC_WKGPOP","Q","2023-Q2",73.07267,"E"
"EA19","EMP","TOT","PC_WKGPOP","Q","2019-Q1",68.38376,
"EA19","EMP","TOT","PC_WKGPOP","Q","2019-Q2",68.80391,
"EA19","EMP","TOT","PC_WKGPOP","Q","2019-Q3",68.45719,
"EA19","EMP","TOT","PC_WKGPOP","Q","2019-Q4",68.52146,
"EA19","EMP","TOT","PC_WKGPOP","Q","2020-Q1",68.27487,
"EA19","EMP","TOT","PC_WKGPOP","Q","2020-Q2",66.66386,
"EA19","EMP","TOT","PC_WKGPOP","Q","2020-Q3",66.81556,
"EA19","EMP","TOT","PC_WKGPOP","Q","2020-Q4",67.12833,
"EA19","EMP","TOT","PC_WKGPOP","Q","2021-Q1",66.72738,
"EA19","EMP","TOT","PC_WKGPOP","Q","2021-Q2",67.73828,
"EA19","EMP","TOT","PC_WKGPOP","Q","2021-Q3",68.31355,
"EA19","EMP","TOT","PC_WKGPOP","Q","2021-Q4",68.79396,
"EA19","EMP","TOT","PC_WKGPOP","Q","2022-Q1",69.30858,
"EA19","EMP","TOT","PC_WKGPOP","Q","2022-Q2",69.60447,
"EA19","EMP","TOT","PC_WKGPOP","Q","2022-Q3",69.43121,
"EA19","EMP","TOT","PC_WKGPOP","Q","2022-Q4",69.59135,
"COL","EMP","TOT","PC_WKGPOP","Q","2019-Q1",65.57774,
"COL","EMP","TOT","PC_WKGPOP","Q","2019-Q2",66.26749,
"COL","EMP","TOT","PC_WKGPOP","Q","2019-Q3",64.97819,
"COL","EMP","TOT","PC_WKGPOP","Q","2019-Q4",64.66629,
"COL","EMP","TOT","PC_WKGPOP","Q","2020-Q1",63.12635,
"COL","EMP","TOT","PC_WKGPOP","Q","2020-Q2",52.19891,
"COL","EMP","TOT","PC_WKGPOP","Q","2020-Q3",56.4122,
"COL","EMP","TOT","PC_WKGPOP","Q","2020-Q4",59.61519,
"COL","EMP","TOT","PC_WKGPOP","Q","2021-Q1",57.21322,
"COL","EMP","TOT","PC_WKGPOP","Q","2021-Q2",57.66805,
"COL","EMP","TOT","PC_WKGPOP","Q","2021-Q3",58.30333,
"COL","EMP","TOT","PC_WKGPOP","Q","2021-Q4",58.21982,
"COL","EMP","TOT","PC_WKGPOP","Q","2022-Q1",60.77066,
"COL","EMP","TOT","PC_WKGPOP","Q","2022-Q2",62.40928,
"COL","EMP","TOT","PC_WKGPOP","Q","2022-Q3",62.11344,
"COL","EMP","TOT","PC_WKGPOP","Q","2022-Q4",61.07608,
"COL","EMP","TOT","PC_WKGPOP","Q","2023-Q1",62.32499,
"COL","EMP","TOT","PC_WKGPOP","Q","2023-Q2",63.89641,
"COL","EMP","TOT","PC_WKGPOP","Q","2023-Q3",63.86751,
"LVA","EMP","TOT","PC_WKGPOP","Q","2019-Q1",71.49986,
"LVA","EMP","TOT","PC_WKGPOP","Q","2019-Q2",71.96322,
"LVA","EMP","TOT","PC_WKGPOP","Q","2019-Q3",72.86284,
"LVA","EMP","TOT","PC_WKGPOP","Q","2019-Q4",72.63467,
"LVA","EMP","TOT","PC_WKGPOP","Q","2020-Q1",71.59546,
"LVA","EMP","TOT","PC_WKGPOP","Q","2020-Q2",71.41325,
"LVA","EMP","TOT","PC_WKGPOP","Q","2020-Q3",71.44878,
"LVA","EMP","TOT","PC_WKGPOP","Q","2020-Q4",71.36938,
"LVA","EMP","TOT","PC_WKGPOP","Q","2021-Q1",68.81017,
"LVA","EMP","TOT","PC_WKGPOP","Q","2021-Q2",69.60185,
"LVA","EMP","TOT","PC_WKGPOP","Q","2021-Q3",70.87315,
"LVA","EMP","TOT","PC_WKGPOP","Q","2021-Q4",70.21872,
"LVA","EMP","TOT","PC_WKGPOP","Q","2022-Q1",70.55869,
"LVA","EMP","TOT","PC_WKGPOP","Q","2022-Q2",71.51797,
"LVA","EMP","TOT","PC_WKGPOP","Q","2022-Q3",71.85014,
"LVA","EMP","TOT","PC_WKGPOP","Q","2022-Q4",71.30143,
"LVA","EMP","TOT","PC_WKGPOP","Q","2023-Q1",70.88462,
"LVA","EMP","TOT","PC_WKGPOP","Q","2023-Q2",71.80133,
"LTU","EMP","TOT","PC_WKGPOP","Q","2019-Q1",72.91381,
"LTU","EMP","TOT","PC_WKGPOP","Q","2019-Q2",73.06787,
"LTU","EMP","TOT","PC_WKGPOP","Q","2019-Q3",72.98791,
"LTU","EMP","TOT","PC_WKGPOP","Q","2019-Q4",72.98788,
"LTU","EMP","TOT","PC_WKGPOP","Q","2020-Q1",72.71866,
"LTU","EMP","TOT","PC_WKGPOP","Q","2020-Q2",71.43866,
"LTU","EMP","TOT","PC_WKGPOP","Q","2020-Q3",70.78144,
"LTU","EMP","TOT","PC_WKGPOP","Q","2020-Q4",71.51127,
"LTU","EMP","TOT","PC_WKGPOP","Q","2021-Q1",71.15504,
"LTU","EMP","TOT","PC_WKGPOP","Q","2021-Q2",71.82117,
"LTU","EMP","TOT","PC_WKGPOP","Q","2021-Q3",73.16349,
"LTU","EMP","TOT","PC_WKGPOP","Q","2021-Q4",73.62227,
"LTU","EMP","TOT","PC_WKGPOP","Q","2022-Q1",72.93784,
"LTU","EMP","TOT","PC_WKGPOP","Q","2022-Q2",74.08862,
"LTU","EMP","TOT","PC_WKGPOP","Q","2022-Q3",74.81335,
"LTU","EMP","TOT","PC_WKGPOP","Q","2022-Q4",73.17001,
"LTU","EMP","TOT","PC_WKGPOP","Q","2023-Q1",72.41695,
"LTU","EMP","TOT","PC_WKGPOP","Q","2023-Q2",73.53912,
"EU27_2020","EMP","TOT","PC_WKGPOP","Q","2019-Q1",67.72849,
"EU27_2020","EMP","TOT","PC_WKGPOP","Q","2019-Q2",68.15274,
"EU27_2020","EMP","TOT","PC_WKGPOP","Q","2019-Q3",67.94447,
"EU27_2020","EMP","TOT","PC_WKGPOP","Q","2019-Q4",67.98553,
"EU27_2020","EMP","TOT","PC_WKGPOP","Q","2020-Q1",67.67268,
"EU27_2020","EMP","TOT","PC_WKGPOP","Q","2020-Q2",66.24957,
"EU27_2020","EMP","TOT","PC_WKGPOP","Q","2020-Q3",66.63242,
"EU27_2020","EMP","TOT","PC_WKGPOP","Q","2020-Q4",66.96532,
"EU27_2020","EMP","TOT","PC_WKGPOP","Q","2021-Q1",67.12997,
"EU27_2020","EMP","TOT","PC_WKGPOP","Q","2021-Q2",68.13351,
"EU27_2020","EMP","TOT","PC_WKGPOP","Q","2021-Q3",68.82618,
"EU27_2020","EMP","TOT","PC_WKGPOP","Q","2021-Q4",69.23583,
"EU27_2020","EMP","TOT","PC_WKGPOP","Q","2022-Q1",69.54543,
"EU27_2020","EMP","TOT","PC_WKGPOP","Q","2022-Q2",69.86977,
"EU27_2020","EMP","TOT","PC_WKGPOP","Q","2022-Q3",69.83828,
"EU27_2020","EMP","TOT","PC_WKGPOP","Q","2022-Q4",70.05705,
"EU27_2020","EMP","TOT","PC_WKGPOP","Q","2023-Q1",70.25456,
"EU27_2020","EMP","TOT","PC_WKGPOP","Q","2023-Q2",70.47628,
"RUS","EMP","TOT","PC_WKGPOP","Q","2019-Q1",70.8099,
"RUS","EMP","TOT","PC_WKGPOP","Q","2019-Q2",70.64869,
"RUS","EMP","TOT","PC_WKGPOP","Q","2019-Q3",70.71784,
"RUS","EMP","TOT","PC_WKGPOP","Q","2019-Q4",71.08635,
"RUS","EMP","TOT","PC_WKGPOP","Q","2020-Q1",71.0795,
"RUS","EMP","TOT","PC_WKGPOP","Q","2020-Q2",70.18101,
"RUS","EMP","TOT","PC_WKGPOP","Q","2020-Q3",69.6964,
"RUS","EMP","TOT","PC_WKGPOP","Q","2020-Q4",69.75356,
"RUS","EMP","TOT","PC_WKGPOP","Q","2021-Q1",70.2616,
"RUS","EMP","TOT","PC_WKGPOP","Q","2021-Q2",71.38441,
"RUS","EMP","TOT","PC_WKGPOP","Q","2021-Q3",71.96723,
"RUS","EMP","TOT","PC_WKGPOP","Q","2021-Q4",72.26421,
"CRI","EMP","TOT","PC_WKGPOP","Q","2019-Q1",61.69806,
"CRI","EMP","TOT","PC_WKGPOP","Q","2019-Q2",62.00516,
"CRI","EMP","TOT","PC_WKGPOP","Q","2019-Q3",61.26518,
"CRI","EMP","TOT","PC_WKGPOP","Q","2019-Q4",61.62133,
"CRI","EMP","TOT","PC_WKGPOP","Q","2020-Q1",61.96293,
"CRI","EMP","TOT","PC_WKGPOP","Q","2020-Q2",49.69787,
"CRI","EMP","TOT","PC_WKGPOP","Q","2020-Q3",52.40552,
"CRI","EMP","TOT","PC_WKGPOP","Q","2020-Q4",55.25658,
"CRI","EMP","TOT","PC_WKGPOP","Q","2021-Q1",56.04257,
"CRI","EMP","TOT","PC_WKGPOP","Q","2021-Q2",55.59557,
"CRI","EMP","TOT","PC_WKGPOP","Q","2021-Q3",58.32516,
"CRI","EMP","TOT","PC_WKGPOP","Q","2021-Q4",58.65159,
"CRI","EMP","TOT","PC_WKGPOP","Q","2022-Q1",58.62284,
"CRI","EMP","TOT","PC_WKGPOP","Q","2022-Q2",60.02401,
"CRI","EMP","TOT","PC_WKGPOP","Q","2022-Q3",60.90527,
"CRI","EMP","TOT","PC_WKGPOP","Q","2022-Q4",60.68662,
"CRI","EMP","TOT","PC_WKGPOP","Q","2023-Q1",58.98521,
"CRI","EMP","TOT","PC_WKGPOP","Q","2023-Q2",59.30724,
"CRI","EMP","TOT","PC_WKGPOP","Q","2023-Q3",58.17517,
