"X","year","experience_level","employment_type","job_title","salary","salary_currency","salary_in_usd","employee_residence","remote_ratio","company_location","company_size","employment_rate","salary_range","remotegroup"
0,2020,"MI","FT","Data Scientist",70000,"EUR",79833,"DE",0,"DE","L",74.3583375,70000,"In Person"
1,2020,"SE","FT","Machine Learning Scientist",260000,"USD",260000,"JP",0,"JP","S",77.4528975,260000,"In Person"
2,2020,"SE","FT","Big Data Engineer",85000,"GBP",109024,"GB",50,"GB","M",75.3848425,1e+05,"Hybrid"
4,2020,"SE","FT","Machine Learning Engineer",150000,"USD",150000,"US",50,"US","L",67.007885,150000,"Hybrid"
5,2020,"EN","FT","Data Analyst",72000,"USD",72000,"US",100,"US","L",67.007885,70000,"Remote"
6,2020,"SE","FT","Lead Data Scientist",190000,"USD",190000,"US",100,"US","S",67.007885,190000,"Remote"
8,2020,"MI","FT","Business Data Analyst",135000,"USD",135000,"US",100,"US","L",67.007885,130000,"Remote"
10,2020,"EN","FT","Data Scientist",45000,"EUR",51321,"FR",0,"FR","S",66.1150875,50000,"In Person"
12,2020,"EN","FT","Data Scientist",35000,"EUR",39916,"FR",0,"FR","M",66.1150875,30000,"In Person"
13,2020,"MI","FT","Lead Data Analyst",87000,"USD",87000,"US",100,"US","L",67.007885,80000,"Remote"
14,2020,"MI","FT","Data Analyst",85000,"USD",85000,"US",100,"US","L",67.007885,80000,"Remote"
16,2020,"EN","FT","Data Engineer",4450000,"JPY",41689,"JP",100,"JP","S",77.4528975,40000,"Remote"
17,2020,"SE","FT","Big Data Engineer",100000,"EUR",114047,"PL",100,"GB","S",75.3848425,110000,"Remote"
19,2020,"MI","FT","Lead Data Engineer",56000,"USD",56000,"PT",100,"US","M",67.007885,50000,"Remote"
23,2020,"MI","FT","BI Data Analyst",98000,"USD",98000,"US",0,"US","M",67.007885,90000,"In Person"
25,2020,"EX","FT","Director of Data Science",325000,"USD",325000,"US",100,"US","L",67.007885,320000,"Remote"
28,2020,"EN","CT","Business Data Analyst",100000,"USD",100000,"US",100,"US","L",67.007885,1e+05,"Remote"
29,2020,"SE","FT","Machine Learning Manager",157000,"CAD",117104,"CA",50,"CA","L",70.108335,110000,"Hybrid"
30,2020,"MI","FT","Data Engineering Manager",51999,"EUR",59303,"DE",100,"DE","S",74.3583375,50000,"Remote"
31,2020,"EN","FT","Big Data Engineer",70000,"USD",70000,"US",100,"US","L",67.007885,70000,"Remote"
32,2020,"SE","FT","Data Scientist",60000,"EUR",68428,"GR",100,"US","L",67.007885,60000,"Remote"
33,2020,"MI","FT","Research Scientist",450000,"USD",450000,"US",0,"US","M",67.007885,450000,"In Person"
34,2020,"MI","FT","Data Analyst",41000,"EUR",46759,"FR",50,"FR","L",66.1150875,40000,"Hybrid"
36,2020,"MI","FT","Data Science Consultant",103000,"USD",103000,"US",100,"US","L",67.007885,1e+05,"Remote"
37,2020,"EN","FT","Machine Learning Engineer",250000,"USD",250000,"US",50,"US","L",67.007885,250000,"Hybrid"
39,2020,"EN","FT","Machine Learning Engineer",138000,"USD",138000,"US",100,"US","S",67.007885,130000,"Remote"
40,2020,"MI","FT","Data Scientist",45760,"USD",45760,"PH",100,"US","S",67.007885,40000,"Remote"
43,2020,"MI","FT","Data Engineer",106000,"USD",106000,"US",100,"US","L",67.007885,1e+05,"Remote"
44,2020,"MI","FT","Data Engineer",88000,"GBP",112872,"GB",50,"GB","L",75.3848425,110000,"Hybrid"
45,2020,"EN","PT","ML Engineer",14000,"EUR",15966,"DE",100,"DE","S",74.3583375,10000,"Remote"
46,2020,"MI","FT","Data Scientist",60000,"GBP",76958,"GB",100,"GB","S",75.3848425,70000,"Remote"
47,2020,"SE","FT","Data Engineer",188000,"USD",188000,"US",100,"US","L",67.007885,180000,"Remote"
48,2020,"MI","FT","Data Scientist",105000,"USD",105000,"US",100,"US","L",67.007885,1e+05,"Remote"
49,2020,"MI","FT","Data Engineer",61500,"EUR",70139,"FR",50,"FR","L",66.1150875,70000,"Hybrid"
51,2020,"EN","FT","Data Analyst",91000,"USD",91000,"US",100,"US","L",67.007885,90000,"Remote"
53,2020,"EN","FT","Data Engineer",48000,"EUR",54742,"PK",100,"DE","L",74.3583375,50000,"Remote"
54,2020,"SE","FL","Computer Vision Engineer",60000,"USD",60000,"RU",100,"US","S",67.007885,60000,"Remote"
55,2020,"SE","FT","Principal Data Scientist",130000,"EUR",148261,"DE",100,"DE","M",74.3583375,140000,"Remote"
57,2020,"MI","FT","Data Scientist",118000,"USD",118000,"US",100,"US","M",67.007885,110000,"Remote"
58,2020,"SE","FT","Data Scientist",120000,"USD",120000,"US",50,"US","L",67.007885,120000,"Hybrid"
59,2020,"MI","FT","Data Scientist",138350,"USD",138350,"US",100,"US","M",67.007885,130000,"Remote"
60,2020,"MI","FT","Data Engineer",110000,"USD",110000,"US",100,"US","L",67.007885,110000,"Remote"
61,2020,"MI","FT","Data Engineer",130800,"USD",130800,"ES",100,"US","M",67.007885,130000,"Remote"
63,2020,"SE","FT","Data Scientist",412000,"USD",412000,"US",100,"US","L",67.007885,410000,"Remote"
65,2020,"EN","FT","Data Scientist",55000,"EUR",62726,"DE",50,"DE","S",74.3583375,60000,"Hybrid"
66,2020,"EN","FT","Data Scientist",43200,"EUR",49268,"DE",0,"DE","S",74.3583375,40000,"In Person"
67,2020,"SE","FT","Data Science Manager",190200,"USD",190200,"US",100,"US","M",67.007885,190000,"Remote"
68,2020,"EN","FT","Data Scientist",105000,"USD",105000,"US",100,"US","S",67.007885,1e+05,"Remote"
71,2020,"MI","FT","Data Scientist",37000,"EUR",42197,"FR",50,"FR","S",66.1150875,40000,"Hybrid"
72,2021,"EN","FT","Research Scientist",60000,"GBP",82528,"GB",50,"GB","L",75.123565,80000,"Hybrid"
73,2021,"EX","FT","BI Data Analyst",150000,"USD",150000,"IN",100,"US","L",69.4023875,150000,"Remote"
74,2021,"EX","FT","Head of Data",235000,"USD",235000,"US",100,"US","L",69.4023875,230000,"Remote"
75,2021,"SE","FT","Data Scientist",45000,"EUR",53192,"FR",50,"FR","L",67.245315,50000,"Hybrid"
76,2021,"MI","FT","BI Data Analyst",100000,"USD",100000,"US",100,"US","M",69.4023875,1e+05,"Remote"
78,2021,"MI","CT","ML Engineer",270000,"USD",270000,"US",100,"US","L",69.4023875,270000,"Remote"
79,2021,"EN","FT","Data Analyst",80000,"USD",80000,"US",100,"US","M",69.4023875,80000,"Remote"
80,2021,"SE","FT","Data Analytics Engineer",67000,"EUR",79197,"DE",100,"DE","L",75.5858925,70000,"Remote"
81,2021,"MI","FT","Data Engineer",140000,"USD",140000,"US",100,"US","L",69.4023875,140000,"Remote"
82,2021,"MI","FT","Applied Data Scientist",68000,"CAD",54238,"GB",50,"CA","L",73.50833,50000,"Hybrid"
86,2021,"EN","FT","Data Analyst",50000,"EUR",59102,"FR",50,"FR","M",67.245315,50000,"Hybrid"
87,2021,"MI","FT","Data Analytics Engineer",110000,"USD",110000,"US",100,"US","L",69.4023875,110000,"Remote"
88,2021,"SE","FT","Lead Data Analyst",170000,"USD",170000,"US",100,"US","L",69.4023875,170000,"Remote"
89,2021,"SE","FT","Data Analyst",80000,"USD",80000,"BG",100,"US","S",69.4023875,80000,"Remote"
91,2021,"EN","FT","Data Science Consultant",65000,"EUR",76833,"DE",100,"DE","S",75.5858925,70000,"Remote"
93,2021,"SE","FT","Lead Data Engineer",276000,"USD",276000,"US",0,"US","L",69.4023875,270000,"In Person"
96,2021,"EN","PT","AI Scientist",12000,"USD",12000,"BR",100,"US","S",69.4023875,10000,"Remote"
97,2021,"MI","FT","Financial Data Analyst",450000,"USD",450000,"US",100,"US","L",69.4023875,450000,"Remote"
98,2021,"EN","FT","Computer Vision Software Engineer",70000,"USD",70000,"US",100,"US","M",69.4023875,70000,"Remote"
99,2021,"MI","FT","Computer Vision Software Engineer",81000,"EUR",95746,"DE",100,"US","S",69.4023875,90000,"Remote"
100,2021,"MI","FT","Data Analyst",75000,"USD",75000,"US",0,"US","L",69.4023875,70000,"In Person"
101,2021,"SE","FT","Data Engineer",150000,"USD",150000,"US",100,"US","L",69.4023875,150000,"Remote"
102,2021,"MI","FT","BI Data Analyst",11000000,"HUF",36259,"HU",50,"US","L",69.4023875,30000,"Hybrid"
103,2021,"MI","FT","Data Analyst",62000,"USD",62000,"US",0,"US","L",69.4023875,60000,"In Person"
104,2021,"MI","FT","Data Scientist",73000,"USD",73000,"US",0,"US","L",69.4023875,70000,"In Person"
105,2021,"MI","FT","Data Analyst",37456,"GBP",51519,"GB",50,"GB","L",75.123565,50000,"Hybrid"
106,2021,"MI","FT","Research Scientist",235000,"CAD",187442,"CA",100,"CA","L",73.50833,180000,"Remote"
107,2021,"SE","FT","Data Engineer",115000,"USD",115000,"US",100,"US","S",69.4023875,110000,"Remote"
108,2021,"SE","FT","Data Engineer",150000,"USD",150000,"US",100,"US","M",69.4023875,150000,"Remote"
110,2021,"SE","FT","Machine Learning Engineer",80000,"EUR",94564,"DE",50,"DE","L",75.5858925,90000,"Hybrid"
111,2021,"SE","FT","Director of Data Engineering",82500,"GBP",113476,"GB",100,"GB","M",75.123565,110000,"Remote"
112,2021,"SE","FT","Lead Data Engineer",75000,"GBP",103160,"GB",100,"GB","S",75.123565,1e+05,"Remote"
113,2021,"EN","PT","AI Scientist",12000,"USD",12000,"PK",100,"US","M",69.4023875,10000,"Remote"
115,2021,"EN","FT","Machine Learning Scientist",225000,"USD",225000,"US",100,"US","L",69.4023875,220000,"Remote"
118,2021,"EN","FT","Data Analyst",90000,"USD",90000,"US",100,"US","S",69.4023875,90000,"Remote"
119,2021,"MI","FT","Data Engineer",200000,"USD",200000,"US",100,"US","L",69.4023875,2e+05,"Remote"
121,2021,"SE","FT","Principal Data Engineer",200000,"USD",200000,"US",100,"US","M",69.4023875,2e+05,"Remote"
122,2021,"EN","FT","Data Analyst",50000,"USD",50000,"US",100,"US","M",69.4023875,50000,"Remote"
123,2021,"EN","FT","Applied Data Scientist",80000,"GBP",110037,"GB",0,"GB","L",75.123565,110000,"In Person"
125,2021,"MI","FT","Principal Data Scientist",151000,"USD",151000,"US",100,"US","L",69.4023875,150000,"Remote"
126,2021,"SE","FT","Machine Learning Scientist",120000,"USD",120000,"US",50,"US","S",69.4023875,120000,"Hybrid"
131,2021,"EN","FT","Data Scientist",42000,"EUR",49646,"FR",50,"FR","M",67.245315,40000,"Hybrid"
132,2021,"MI","FT","Applied Machine Learning Scientist",38400,"USD",38400,"VN",100,"US","M",69.4023875,30000,"Remote"
134,2021,"EN","FT","Data Scientist",100000,"USD",100000,"US",0,"US","S",69.4023875,1e+05,"In Person"
135,2021,"MI","FT","Data Analyst",90000,"USD",90000,"US",100,"US","M",69.4023875,90000,"Remote"
136,2021,"MI","FT","ML Engineer",7000000,"JPY",63711,"JP",50,"JP","S",77.8797425,60000,"Hybrid"
137,2021,"MI","FT","ML Engineer",8500000,"JPY",77364,"JP",50,"JP","S",77.8797425,70000,"Hybrid"
138,2021,"SE","FT","Principal Data Scientist",220000,"USD",220000,"US",0,"US","L",69.4023875,220000,"In Person"
139,2021,"EN","FT","Data Scientist",80000,"USD",80000,"US",100,"US","M",69.4023875,80000,"Remote"
140,2021,"MI","FT","Data Analyst",135000,"USD",135000,"US",100,"US","L",69.4023875,130000,"Remote"
141,2021,"SE","FT","Data Science Manager",240000,"USD",240000,"US",0,"US","L",69.4023875,240000,"In Person"
142,2021,"SE","FT","Data Engineering Manager",150000,"USD",150000,"US",0,"US","L",69.4023875,150000,"In Person"
143,2021,"MI","FT","Data Scientist",82500,"USD",82500,"US",100,"US","S",69.4023875,80000,"Remote"
144,2021,"MI","FT","Data Engineer",100000,"USD",100000,"US",100,"US","L",69.4023875,1e+05,"Remote"
146,2021,"MI","FT","Research Scientist",53000,"EUR",62649,"FR",50,"FR","M",67.245315,60000,"Hybrid"
147,2021,"MI","FT","Data Engineer",90000,"USD",90000,"US",100,"US","L",69.4023875,90000,"Remote"
148,2021,"SE","FT","Data Engineering Manager",153000,"USD",153000,"US",100,"US","L",69.4023875,150000,"Remote"
149,2021,"SE","FT","Cloud Data Engineer",160000,"USD",160000,"BR",100,"US","S",69.4023875,160000,"Remote"
150,2021,"SE","FT","Director of Data Science",168000,"USD",168000,"JP",0,"JP","S",77.8797425,160000,"In Person"
151,2021,"MI","FT","Data Scientist",150000,"USD",150000,"US",100,"US","M",69.4023875,150000,"Remote"
152,2021,"MI","FT","Data Scientist",95000,"CAD",75774,"CA",100,"CA","L",73.50833,70000,"Remote"
154,2021,"SE","FT","Data Science Manager",144000,"USD",144000,"US",100,"US","L",69.4023875,140000,"Remote"
155,2021,"SE","FT","Data Science Engineer",159500,"CAD",127221,"CA",50,"CA","L",73.50833,120000,"Hybrid"
157,2021,"MI","FT","Applied Machine Learning Scientist",423000,"USD",423000,"US",50,"US","L",69.4023875,420000,"Hybrid"
158,2021,"SE","FT","Data Analytics Manager",120000,"USD",120000,"US",100,"US","M",69.4023875,120000,"Remote"
159,2021,"EN","FT","Machine Learning Engineer",125000,"USD",125000,"US",100,"US","S",69.4023875,120000,"Remote"
163,2021,"EN","FT","Data Science Consultant",54000,"EUR",63831,"DE",50,"DE","L",75.5858925,60000,"Hybrid"
164,2021,"EX","FT","Director of Data Science",110000,"EUR",130026,"DE",50,"DE","M",75.5858925,130000,"Hybrid"
165,2021,"SE","FT","Data Specialist",165000,"USD",165000,"US",100,"US","L",69.4023875,160000,"Remote"
166,2021,"EN","FT","Data Engineer",80000,"USD",80000,"US",100,"US","L",69.4023875,80000,"Remote"
167,2021,"EX","FT","Director of Data Science",250000,"USD",250000,"US",0,"US","L",69.4023875,250000,"In Person"
168,2021,"EN","FT","BI Data Analyst",55000,"USD",55000,"US",50,"US","S",69.4023875,50000,"Hybrid"
169,2021,"MI","FT","Data Architect",150000,"USD",150000,"US",100,"US","L",69.4023875,150000,"Remote"
170,2021,"MI","FT","Data Architect",170000,"USD",170000,"US",100,"US","L",69.4023875,170000,"Remote"
171,2021,"MI","FT","Data Engineer",60000,"GBP",82528,"GB",100,"GB","L",75.123565,80000,"Remote"
172,2021,"EN","FT","Data Analyst",60000,"USD",60000,"US",100,"US","S",69.4023875,60000,"Remote"
173,2021,"SE","FT","Principal Data Scientist",235000,"USD",235000,"US",100,"US","L",69.4023875,230000,"Remote"
175,2021,"SE","FT","Data Engineering Manager",174000,"USD",174000,"US",100,"US","L",69.4023875,170000,"Remote"
178,2021,"EN","FT","Machine Learning Engineer",81000,"USD",81000,"US",50,"US","S",69.4023875,80000,"Hybrid"
179,2021,"MI","FT","Data Scientist",420000,"INR",5679,"IN",100,"US","S",69.4023875,0,"Remote"
181,2021,"MI","FT","Data Scientist",76760,"EUR",90734,"DE",50,"DE","L",75.5858925,90000,"Hybrid"
182,2021,"MI","FT","Data Engineer",22000,"EUR",26005,"RO",0,"US","L",69.4023875,20000,"In Person"
183,2021,"SE","FT","Finance Data Analyst",45000,"GBP",61896,"GB",50,"GB","L",75.123565,60000,"Hybrid"
186,2021,"SE","FT","Data Analytics Engineer",50000,"USD",50000,"VN",100,"GB","M",75.123565,50000,"Remote"
188,2021,"SE","FT","Data Engineer",65000,"EUR",76833,"RO",50,"GB","S",75.123565,70000,"Hybrid"
189,2021,"MI","FT","Machine Learning Engineer",74000,"USD",74000,"JP",50,"JP","S",77.8797425,70000,"Hybrid"
190,2021,"SE","FT","Data Science Manager",152000,"USD",152000,"US",100,"FR","L",67.245315,150000,"Remote"
193,2021,"SE","FT","Data Science Manager",174000,"USD",174000,"US",100,"US","L",69.4023875,170000,"Remote"
194,2021,"SE","FT","Research Scientist",120500,"CAD",96113,"CA",50,"CA","L",73.50833,90000,"Hybrid"
195,2021,"MI","FT","Data Scientist",147000,"USD",147000,"US",50,"US","L",69.4023875,140000,"Hybrid"
198,2021,"SE","FT","Data Science Manager",4000000,"INR",54094,"IN",50,"US","L",69.4023875,50000,"Hybrid"
199,2021,"EN","FT","Data Science Consultant",90000,"USD",90000,"US",100,"US","S",69.4023875,90000,"Remote"
201,2021,"SE","FT","Machine Learning Infrastructure Engineer",195000,"USD",195000,"US",100,"US","M",69.4023875,190000,"Remote"
203,2021,"SE","FT","Research Scientist",50000,"USD",50000,"FR",100,"US","S",69.4023875,50000,"Remote"
204,2021,"MI","FT","Data Scientist",160000,"USD",160000,"US",100,"US","L",69.4023875,160000,"Remote"
206,2021,"SE","FT","Machine Learning Engineer",200000,"USD",200000,"US",100,"US","L",69.4023875,2e+05,"Remote"
207,2021,"SE","FT","Data Engineer",165000,"USD",165000,"US",0,"US","M",69.4023875,160000,"In Person"
208,2021,"MI","FL","Data Engineer",20000,"USD",20000,"IT",0,"US","L",69.4023875,20000,"In Person"
209,2021,"SE","FT","Data Analytics Manager",120000,"USD",120000,"US",0,"US","L",69.4023875,120000,"In Person"
211,2021,"MI","FT","Research Scientist",48000,"EUR",56738,"FR",50,"FR","S",67.245315,50000,"Hybrid"
212,2021,"MI","FT","Data Engineer",48000,"GBP",66022,"HK",50,"GB","S",75.123565,60000,"Hybrid"
214,2021,"EN","FT","Machine Learning Engineer",21000,"EUR",24823,"DE",50,"DE","M",75.5858925,20000,"Hybrid"
215,2021,"SE","FT","Principal Data Engineer",185000,"USD",185000,"US",100,"US","L",69.4023875,180000,"Remote"
217,2021,"MI","FT","Data Scientist",76760,"EUR",90734,"DE",50,"DE","L",75.5858925,90000,"Hybrid"
219,2021,"SE","FT","Data Analytics Manager",140000,"USD",140000,"US",100,"US","L",69.4023875,140000,"Remote"
221,2021,"MI","FT","Data Scientist",85000,"GBP",116914,"GB",50,"GB","L",75.123565,110000,"Hybrid"
223,2021,"MI","FT","Data Scientist",40900,"GBP",56256,"GB",50,"GB","L",75.123565,50000,"Hybrid"
224,2021,"SE","FT","Machine Learning Scientist",225000,"USD",225000,"US",100,"CA","L",73.50833,220000,"Remote"
225,2021,"EX","CT","Principal Data Scientist",416000,"USD",416000,"US",100,"US","S",69.4023875,410000,"Remote"
226,2021,"SE","FT","Data Scientist",110000,"CAD",87738,"CA",100,"CA","S",73.50833,80000,"Remote"
227,2021,"MI","FT","Data Scientist",75000,"EUR",88654,"DE",50,"DE","L",75.5858925,80000,"Hybrid"
228,2021,"SE","FT","Data Scientist",135000,"USD",135000,"US",0,"US","L",69.4023875,130000,"In Person"
229,2021,"SE","FT","Data Analyst",90000,"CAD",71786,"CA",100,"CA","M",73.50833,70000,"Remote"
231,2021,"SE","FT","ML Engineer",256000,"USD",256000,"US",100,"US","S",69.4023875,250000,"Remote"
232,2021,"SE","FT","Director of Data Engineering",200000,"USD",200000,"US",100,"US","L",69.4023875,2e+05,"Remote"
233,2021,"SE","FT","Data Analyst",200000,"USD",200000,"US",100,"US","L",69.4023875,2e+05,"Remote"
234,2021,"MI","FT","Data Architect",180000,"USD",180000,"US",100,"US","L",69.4023875,180000,"Remote"
235,2021,"MI","FT","Head of Data Science",110000,"USD",110000,"US",0,"US","S",69.4023875,110000,"In Person"
236,2021,"MI","FT","Research Scientist",80000,"CAD",63810,"CA",100,"CA","M",73.50833,60000,"Remote"
240,2021,"SE","FT","Data Scientist",130000,"CAD",103691,"CA",100,"CA","L",73.50833,1e+05,"Remote"
241,2021,"MI","FT","Data Analyst",80000,"USD",80000,"US",100,"US","L",69.4023875,80000,"Remote"
242,2021,"MI","FT","Data Engineer",110000,"USD",110000,"US",100,"US","L",69.4023875,110000,"Remote"
243,2021,"SE","FT","Data Scientist",165000,"USD",165000,"US",100,"US","L",69.4023875,160000,"Remote"
245,2021,"MI","FT","Data Engineer",52500,"GBP",72212,"GB",50,"GB","L",75.123565,70000,"Hybrid"
246,2021,"EN","FT","Data Scientist",31000,"EUR",36643,"FR",50,"FR","L",67.245315,30000,"Hybrid"
248,2021,"SE","FT","Data Engineer",70000,"GBP",96282,"GB",50,"GB","L",75.123565,90000,"Hybrid"
249,2021,"SE","FT","Principal Data Analyst",170000,"USD",170000,"US",100,"US","M",69.4023875,170000,"Remote"
250,2021,"MI","FT","Data Scientist",115000,"USD",115000,"US",50,"US","L",69.4023875,110000,"Hybrid"
251,2021,"EN","FT","Data Scientist",90000,"USD",90000,"US",100,"US","S",69.4023875,90000,"Remote"
252,2021,"EX","FT","Principal Data Engineer",600000,"USD",600000,"US",100,"US","L",69.4023875,6e+05,"Remote"
254,2021,"MI","FT","Data Analyst",93000,"USD",93000,"US",100,"US","L",69.4023875,90000,"Remote"
255,2021,"SE","FT","Big Data Architect",125000,"CAD",99703,"CA",50,"CA","M",73.50833,90000,"Hybrid"
256,2021,"MI","FT","Data Engineer",200000,"USD",200000,"US",100,"US","L",69.4023875,2e+05,"Remote"
257,2021,"SE","FT","Principal Data Scientist",147000,"EUR",173762,"DE",100,"DE","M",75.5858925,170000,"Remote"
258,2021,"SE","FT","Machine Learning Engineer",185000,"USD",185000,"US",50,"US","L",69.4023875,180000,"Hybrid"
259,2021,"EX","FT","Director of Data Science",120000,"EUR",141846,"DE",0,"DE","L",75.5858925,140000,"In Person"
260,2021,"MI","FT","Data Scientist",130000,"USD",130000,"US",50,"US","L",69.4023875,130000,"Hybrid"
261,2021,"SE","FT","Data Analyst",54000,"EUR",63831,"DE",50,"DE","L",75.5858925,60000,"Hybrid"
264,2021,"MI","FT","Data Scientist",21600,"EUR",25532,"RS",100,"DE","S",75.5858925,20000,"Remote"
265,2021,"SE","FT","Lead Data Engineer",160000,"USD",160000,"PR",50,"US","S",69.4023875,160000,"Hybrid"
266,2021,"MI","FT","Data Engineer",93150,"USD",93150,"US",0,"US","M",69.4023875,90000,"In Person"
267,2021,"MI","FT","Data Engineer",111775,"USD",111775,"US",0,"US","M",69.4023875,110000,"In Person"
269,2021,"EN","FT","Data Engineer",55000,"EUR",65013,"DE",50,"DE","M",75.5858925,60000,"Hybrid"
270,2021,"EN","FT","Data Engineer",72500,"USD",72500,"US",100,"US","L",69.4023875,70000,"Remote"
272,2021,"EN","FT","Data Science Consultant",65000,"EUR",76833,"DE",0,"DE","L",75.5858925,70000,"In Person"
273,2021,"EN","FT","Machine Learning Engineer",85000,"USD",85000,"NL",100,"DE","S",75.5858925,80000,"Remote"
274,2021,"SE","FT","Data Scientist",65720,"EUR",77684,"FR",50,"FR","M",67.245315,70000,"Hybrid"
275,2021,"EN","FT","Data Scientist",100000,"USD",100000,"US",100,"US","M",69.4023875,1e+05,"Remote"
276,2021,"EN","FT","Data Scientist",58000,"USD",58000,"US",50,"US","L",69.4023875,50000,"Hybrid"
280,2021,"MI","FT","Data Engineer",112000,"USD",112000,"US",100,"US","L",69.4023875,110000,"Remote"
283,2021,"SE","CT","Staff Data Scientist",105000,"USD",105000,"US",100,"US","M",69.4023875,1e+05,"Remote"
287,2021,"MI","FT","Data Scientist",109000,"USD",109000,"US",50,"US","L",69.4023875,1e+05,"Hybrid"
289,2022,"SE","FT","Data Engineer",135000,"USD",135000,"US",100,"US","M",71.2610225,130000,"Remote"
290,2022,"SE","FT","Data Analyst",155000,"USD",155000,"US",100,"US","M",71.2610225,150000,"Remote"
291,2022,"SE","FT","Data Analyst",120600,"USD",120600,"US",100,"US","M",71.2610225,120000,"Remote"
292,2022,"MI","FT","Data Scientist",130000,"USD",130000,"US",0,"US","M",71.2610225,130000,"In Person"
293,2022,"MI","FT","Data Scientist",90000,"USD",90000,"US",0,"US","M",71.2610225,90000,"In Person"
294,2022,"MI","FT","Data Engineer",170000,"USD",170000,"US",100,"US","M",71.2610225,170000,"Remote"
295,2022,"MI","FT","Data Engineer",150000,"USD",150000,"US",100,"US","M",71.2610225,150000,"Remote"
296,2022,"SE","FT","Data Analyst",102100,"USD",102100,"US",100,"US","M",71.2610225,1e+05,"Remote"
297,2022,"SE","FT","Data Analyst",84900,"USD",84900,"US",100,"US","M",71.2610225,80000,"Remote"
298,2022,"SE","FT","Data Scientist",136620,"USD",136620,"US",100,"US","M",71.2610225,130000,"Remote"
299,2022,"SE","FT","Data Scientist",99360,"USD",99360,"US",100,"US","M",71.2610225,90000,"Remote"
300,2022,"SE","FT","Data Scientist",90000,"GBP",117789,"GB",0,"GB","M",75.56232,110000,"In Person"
301,2022,"SE","FT","Data Scientist",80000,"GBP",104702,"GB",0,"GB","M",75.56232,1e+05,"In Person"
302,2022,"SE","FT","Data Scientist",146000,"USD",146000,"US",100,"US","M",71.2610225,140000,"Remote"
303,2022,"SE","FT","Data Scientist",123000,"USD",123000,"US",100,"US","M",71.2610225,120000,"Remote"
304,2022,"EN","FT","Data Engineer",40000,"GBP",52351,"GB",100,"GB","M",75.56232,50000,"Remote"
305,2022,"SE","FT","Data Analyst",99000,"USD",99000,"US",0,"US","M",71.2610225,90000,"In Person"
306,2022,"SE","FT","Data Analyst",116000,"USD",116000,"US",0,"US","M",71.2610225,110000,"In Person"
307,2022,"MI","FT","Data Analyst",106260,"USD",106260,"US",0,"US","M",71.2610225,1e+05,"In Person"
308,2022,"MI","FT","Data Analyst",126500,"USD",126500,"US",0,"US","M",71.2610225,120000,"In Person"
309,2022,"EX","FT","Data Engineer",242000,"USD",242000,"US",100,"US","M",71.2610225,240000,"Remote"
310,2022,"EX","FT","Data Engineer",200000,"USD",200000,"US",100,"US","M",71.2610225,2e+05,"Remote"
311,2022,"MI","FT","Data Scientist",50000,"GBP",65438,"GB",0,"GB","M",75.56232,60000,"In Person"
312,2022,"MI","FT","Data Scientist",30000,"GBP",39263,"GB",0,"GB","M",75.56232,30000,"In Person"
313,2022,"MI","FT","Data Engineer",60000,"GBP",78526,"GB",0,"GB","M",75.56232,70000,"In Person"
314,2022,"MI","FT","Data Engineer",40000,"GBP",52351,"GB",0,"GB","M",75.56232,50000,"In Person"
315,2022,"SE","FT","Data Scientist",165220,"USD",165220,"US",100,"US","M",71.2610225,160000,"Remote"
316,2022,"EN","FT","Data Engineer",35000,"GBP",45807,"GB",100,"GB","M",75.56232,40000,"Remote"
317,2022,"SE","FT","Data Scientist",120160,"USD",120160,"US",100,"US","M",71.2610225,120000,"Remote"
318,2022,"SE","FT","Data Analyst",90320,"USD",90320,"US",100,"US","M",71.2610225,90000,"Remote"
319,2022,"SE","FT","Data Engineer",181940,"USD",181940,"US",0,"US","M",71.2610225,180000,"In Person"
320,2022,"SE","FT","Data Engineer",132320,"USD",132320,"US",0,"US","M",71.2610225,130000,"In Person"
321,2022,"SE","FT","Data Engineer",220110,"USD",220110,"US",0,"US","M",71.2610225,220000,"In Person"
322,2022,"SE","FT","Data Engineer",160080,"USD",160080,"US",0,"US","M",71.2610225,160000,"In Person"
323,2022,"SE","FT","Data Scientist",180000,"USD",180000,"US",0,"US","L",71.2610225,180000,"In Person"
324,2022,"SE","FT","Data Scientist",120000,"USD",120000,"US",0,"US","L",71.2610225,120000,"In Person"
325,2022,"SE","FT","Data Analyst",124190,"USD",124190,"US",100,"US","M",71.2610225,120000,"Remote"
326,2022,"EX","FT","Data Analyst",130000,"USD",130000,"US",100,"US","M",71.2610225,130000,"Remote"
327,2022,"EX","FT","Data Analyst",110000,"USD",110000,"US",100,"US","M",71.2610225,110000,"Remote"
328,2022,"SE","FT","Data Analyst",170000,"USD",170000,"US",100,"US","M",71.2610225,170000,"Remote"
329,2022,"MI","FT","Data Analyst",115500,"USD",115500,"US",100,"US","M",71.2610225,110000,"Remote"
330,2022,"SE","FT","Data Analyst",112900,"USD",112900,"US",100,"US","M",71.2610225,110000,"Remote"
331,2022,"SE","FT","Data Analyst",90320,"USD",90320,"US",100,"US","M",71.2610225,90000,"Remote"
332,2022,"SE","FT","Data Analyst",112900,"USD",112900,"US",100,"US","M",71.2610225,110000,"Remote"
333,2022,"SE","FT","Data Analyst",90320,"USD",90320,"US",100,"US","M",71.2610225,90000,"Remote"
334,2022,"SE","FT","Data Engineer",165400,"USD",165400,"US",100,"US","M",71.2610225,160000,"Remote"
335,2022,"SE","FT","Data Engineer",132320,"USD",132320,"US",100,"US","M",71.2610225,130000,"Remote"
336,2022,"MI","FT","Data Analyst",167000,"USD",167000,"US",100,"US","M",71.2610225,160000,"Remote"
337,2022,"SE","FT","Data Engineer",243900,"USD",243900,"US",100,"US","M",71.2610225,240000,"Remote"
338,2022,"SE","FT","Data Analyst",136600,"USD",136600,"US",100,"US","M",71.2610225,130000,"Remote"
339,2022,"SE","FT","Data Analyst",109280,"USD",109280,"US",100,"US","M",71.2610225,1e+05,"Remote"
340,2022,"SE","FT","Data Engineer",128875,"USD",128875,"US",100,"US","M",71.2610225,120000,"Remote"
341,2022,"SE","FT","Data Engineer",93700,"USD",93700,"US",100,"US","M",71.2610225,90000,"Remote"
342,2022,"EX","FT","Head of Data Science",224000,"USD",224000,"US",100,"US","M",71.2610225,220000,"Remote"
343,2022,"EX","FT","Head of Data Science",167875,"USD",167875,"US",100,"US","M",71.2610225,160000,"Remote"
344,2022,"EX","FT","Analytics Engineer",175000,"USD",175000,"US",100,"US","M",71.2610225,170000,"Remote"
345,2022,"SE","FT","Data Engineer",156600,"USD",156600,"US",100,"US","M",71.2610225,150000,"Remote"
346,2022,"SE","FT","Data Engineer",108800,"USD",108800,"US",0,"US","M",71.2610225,1e+05,"In Person"
347,2022,"SE","FT","Data Scientist",95550,"USD",95550,"US",0,"US","M",71.2610225,90000,"In Person"
348,2022,"SE","FT","Data Engineer",113000,"USD",113000,"US",0,"US","L",71.2610225,110000,"In Person"
349,2022,"SE","FT","Data Analyst",135000,"USD",135000,"US",100,"US","M",71.2610225,130000,"Remote"
350,2022,"SE","FT","Data Science Manager",161342,"USD",161342,"US",100,"US","M",71.2610225,160000,"Remote"
351,2022,"SE","FT","Data Science Manager",137141,"USD",137141,"US",100,"US","M",71.2610225,130000,"Remote"
352,2022,"SE","FT","Data Scientist",167000,"USD",167000,"US",100,"US","M",71.2610225,160000,"Remote"
353,2022,"SE","FT","Data Scientist",123000,"USD",123000,"US",100,"US","M",71.2610225,120000,"Remote"
354,2022,"SE","FT","Data Engineer",60000,"GBP",78526,"GB",0,"GB","M",75.56232,70000,"In Person"
355,2022,"SE","FT","Data Engineer",50000,"GBP",65438,"GB",0,"GB","M",75.56232,60000,"In Person"
356,2022,"SE","FT","Data Scientist",150000,"USD",150000,"US",0,"US","M",71.2610225,150000,"In Person"
357,2022,"SE","FT","Data Scientist",211500,"USD",211500,"US",100,"US","M",71.2610225,210000,"Remote"
358,2022,"SE","FT","Data Architect",192400,"USD",192400,"CA",100,"CA","M",75.6166675,190000,"Remote"
359,2022,"SE","FT","Data Architect",90700,"USD",90700,"CA",100,"CA","M",75.6166675,90000,"Remote"
360,2022,"SE","FT","Data Analyst",130000,"USD",130000,"CA",100,"CA","M",75.6166675,130000,"Remote"
361,2022,"SE","FT","Data Analyst",61300,"USD",61300,"CA",100,"CA","M",75.6166675,60000,"Remote"
362,2022,"SE","FT","Data Analyst",130000,"USD",130000,"CA",100,"CA","M",75.6166675,130000,"Remote"
363,2022,"SE","FT","Data Analyst",61300,"USD",61300,"CA",100,"CA","M",75.6166675,60000,"Remote"
364,2022,"SE","FT","Data Engineer",160000,"USD",160000,"US",0,"US","L",71.2610225,160000,"In Person"
365,2022,"SE","FT","Data Scientist",138600,"USD",138600,"US",100,"US","M",71.2610225,130000,"Remote"
366,2022,"SE","FT","Data Engineer",136000,"USD",136000,"US",0,"US","M",71.2610225,130000,"In Person"
367,2022,"MI","FT","Data Analyst",58000,"USD",58000,"US",0,"US","S",71.2610225,50000,"In Person"
368,2022,"EX","FT","Analytics Engineer",135000,"USD",135000,"US",100,"US","M",71.2610225,130000,"Remote"
369,2022,"SE","FT","Data Scientist",170000,"USD",170000,"US",100,"US","M",71.2610225,170000,"Remote"
370,2022,"SE","FT","Data Scientist",123000,"USD",123000,"US",100,"US","M",71.2610225,120000,"Remote"
371,2022,"SE","FT","Machine Learning Engineer",189650,"USD",189650,"US",0,"US","M",71.2610225,180000,"In Person"
372,2022,"SE","FT","Machine Learning Engineer",164996,"USD",164996,"US",0,"US","M",71.2610225,160000,"In Person"
375,2022,"EX","FT","Lead Data Engineer",150000,"CAD",118187,"CA",100,"CA","S",75.6166675,110000,"Remote"
376,2022,"SE","FT","Data Analyst",132000,"USD",132000,"US",0,"US","M",71.2610225,130000,"In Person"
377,2022,"SE","FT","Data Engineer",165400,"USD",165400,"US",100,"US","M",71.2610225,160000,"Remote"
378,2022,"SE","FT","Data Architect",208775,"USD",208775,"US",100,"US","M",71.2610225,2e+05,"Remote"
379,2022,"SE","FT","Data Architect",147800,"USD",147800,"US",100,"US","M",71.2610225,140000,"Remote"
380,2022,"SE","FT","Data Engineer",136994,"USD",136994,"US",100,"US","M",71.2610225,130000,"Remote"
381,2022,"SE","FT","Data Engineer",101570,"USD",101570,"US",100,"US","M",71.2610225,1e+05,"Remote"
382,2022,"SE","FT","Data Analyst",128875,"USD",128875,"US",100,"US","M",71.2610225,120000,"Remote"
383,2022,"SE","FT","Data Analyst",93700,"USD",93700,"US",100,"US","M",71.2610225,90000,"Remote"
385,2022,"SE","FT","Data Engineer",132320,"USD",132320,"US",100,"US","M",71.2610225,130000,"Remote"
386,2022,"EN","FT","Machine Learning Engineer",28500,"GBP",37300,"GB",100,"GB","L",75.56232,30000,"Remote"
387,2022,"SE","FT","Data Analyst",164000,"USD",164000,"US",0,"US","M",71.2610225,160000,"In Person"
388,2022,"SE","FT","Data Engineer",155000,"USD",155000,"US",100,"US","M",71.2610225,150000,"Remote"
389,2022,"MI","FT","Machine Learning Engineer",95000,"GBP",124333,"GB",0,"GB","M",75.56232,120000,"In Person"
390,2022,"MI","FT","Machine Learning Engineer",75000,"GBP",98158,"GB",0,"GB","M",75.56232,90000,"In Person"
391,2022,"MI","FT","AI Scientist",120000,"USD",120000,"US",0,"US","M",71.2610225,120000,"In Person"
392,2022,"SE","FT","Data Analyst",112900,"USD",112900,"US",100,"US","M",71.2610225,110000,"Remote"
393,2022,"SE","FT","Data Analyst",90320,"USD",90320,"US",100,"US","M",71.2610225,90000,"Remote"
394,2022,"SE","FT","Data Analytics Manager",145000,"USD",145000,"US",100,"US","M",71.2610225,140000,"Remote"
395,2022,"SE","FT","Data Analytics Manager",105400,"USD",105400,"US",100,"US","M",71.2610225,1e+05,"Remote"
396,2022,"MI","FT","Machine Learning Engineer",80000,"EUR",87932,"FR",100,"DE","M",76.8942575,80000,"Remote"
397,2022,"MI","FT","Data Engineer",90000,"GBP",117789,"GB",0,"GB","M",75.56232,110000,"In Person"
398,2022,"SE","FT","Data Scientist",215300,"USD",215300,"US",100,"US","L",71.2610225,210000,"Remote"
399,2022,"SE","FT","Data Scientist",158200,"USD",158200,"US",100,"US","L",71.2610225,150000,"Remote"
400,2022,"SE","FT","Data Engineer",209100,"USD",209100,"US",100,"US","L",71.2610225,2e+05,"Remote"
401,2022,"SE","FT","Data Engineer",154600,"USD",154600,"US",100,"US","L",71.2610225,150000,"Remote"
402,2022,"SE","FT","Data Analyst",115934,"USD",115934,"US",0,"US","M",71.2610225,110000,"In Person"
403,2022,"SE","FT","Data Analyst",81666,"USD",81666,"US",0,"US","M",71.2610225,80000,"In Person"
404,2022,"SE","FT","Data Engineer",175000,"USD",175000,"US",100,"US","M",71.2610225,170000,"Remote"
405,2022,"MI","FT","Data Engineer",75000,"GBP",98158,"GB",0,"GB","M",75.56232,90000,"In Person"
406,2022,"MI","FT","Data Analyst",58000,"USD",58000,"US",0,"US","S",71.2610225,50000,"In Person"
407,2022,"SE","FT","Data Engineer",183600,"USD",183600,"US",100,"US","L",71.2610225,180000,"Remote"
408,2022,"MI","FT","Data Analyst",40000,"GBP",52351,"GB",100,"GB","M",75.56232,50000,"Remote"
409,2022,"SE","FT","Data Scientist",180000,"USD",180000,"US",100,"US","M",71.2610225,180000,"Remote"
410,2022,"MI","FT","Data Scientist",55000,"GBP",71982,"GB",0,"GB","M",75.56232,70000,"In Person"
411,2022,"MI","FT","Data Scientist",35000,"GBP",45807,"GB",0,"GB","M",75.56232,40000,"In Person"
414,2022,"MI","FT","Data Engineer",60000,"GBP",78526,"GB",100,"GB","M",75.56232,70000,"Remote"
415,2022,"MI","FT","Data Engineer",45000,"GBP",58894,"GB",100,"GB","M",75.56232,50000,"Remote"
416,2022,"SE","FT","Data Scientist",260000,"USD",260000,"US",100,"US","M",71.2610225,260000,"Remote"
418,2022,"MI","FT","Data Engineer",63900,"USD",63900,"US",0,"US","M",71.2610225,60000,"In Person"
419,2022,"MI","FT","Machine Learning Scientist",160000,"USD",160000,"US",100,"US","L",71.2610225,160000,"Remote"
420,2022,"MI","FT","Machine Learning Scientist",112300,"USD",112300,"US",100,"US","L",71.2610225,110000,"Remote"
421,2022,"MI","FT","Data Science Manager",241000,"USD",241000,"US",100,"US","M",71.2610225,240000,"Remote"
422,2022,"MI","FT","Data Science Manager",159000,"USD",159000,"US",100,"US","M",71.2610225,150000,"Remote"
423,2022,"SE","FT","Data Scientist",180000,"USD",180000,"US",0,"US","M",71.2610225,180000,"In Person"
424,2022,"SE","FT","Data Scientist",80000,"USD",80000,"US",0,"US","M",71.2610225,80000,"In Person"
425,2022,"MI","FT","Data Engineer",82900,"USD",82900,"US",0,"US","M",71.2610225,80000,"In Person"
426,2022,"SE","FT","Data Engineer",100800,"USD",100800,"US",100,"US","L",71.2610225,1e+05,"Remote"
428,2022,"SE","FT","Data Scientist",140400,"USD",140400,"US",0,"US","L",71.2610225,140000,"In Person"
429,2022,"MI","FT","Data Analyst",30000,"GBP",39263,"GB",100,"GB","M",75.56232,30000,"Remote"
434,2022,"MI","FT","Data Engineer",80000,"GBP",104702,"GB",100,"GB","M",75.56232,1e+05,"Remote"
435,2022,"MI","FT","Data Engineer",70000,"GBP",91614,"GB",100,"GB","M",75.56232,90000,"Remote"
438,2022,"SE","FT","Machine Learning Engineer",189650,"USD",189650,"US",0,"US","M",71.2610225,180000,"In Person"
439,2022,"SE","FT","Machine Learning Engineer",164996,"USD",164996,"US",0,"US","M",71.2610225,160000,"In Person"
442,2022,"MI","FT","Data Engineer",75000,"GBP",98158,"GB",100,"GB","M",75.56232,90000,"Remote"
443,2022,"MI","FT","Data Engineer",60000,"GBP",78526,"GB",100,"GB","M",75.56232,70000,"Remote"
444,2022,"SE","FT","Data Scientist",215300,"USD",215300,"US",0,"US","L",71.2610225,210000,"In Person"
446,2022,"SE","FT","Data Engineer",209100,"USD",209100,"US",100,"US","L",71.2610225,2e+05,"Remote"
447,2022,"SE","FT","Data Engineer",154600,"USD",154600,"US",100,"US","L",71.2610225,150000,"Remote"
448,2022,"SE","FT","Data Engineer",180000,"USD",180000,"US",100,"US","M",71.2610225,180000,"Remote"
450,2022,"SE","FT","Data Engineer",80000,"USD",80000,"US",100,"US","M",71.2610225,80000,"Remote"
451,2022,"MI","FT","Machine Learning Developer",100000,"CAD",78791,"CA",100,"CA","M",75.6166675,70000,"Remote"
452,2022,"EX","FT","Director of Data Science",250000,"CAD",196979,"CA",50,"CA","L",75.6166675,190000,"Hybrid"
453,2022,"MI","FT","Machine Learning Engineer",120000,"USD",120000,"US",100,"US","S",71.2610225,120000,"Remote"
454,2022,"EN","FT","Computer Vision Engineer",125000,"USD",125000,"US",0,"US","M",71.2610225,120000,"In Person"
455,2022,"MI","FT","NLP Engineer",240000,"CNY",37236,"US",50,"US","L",71.2610225,30000,"Hybrid"
456,2022,"SE","FT","Data Engineer",105000,"USD",105000,"US",100,"US","M",71.2610225,1e+05,"Remote"
457,2022,"SE","FT","Lead Machine Learning Engineer",80000,"EUR",87932,"DE",0,"DE","M",76.8942575,80000,"In Person"
461,2022,"EN","FT","Financial Data Analyst",100000,"USD",100000,"US",50,"US","L",71.2610225,1e+05,"Hybrid"
462,2022,"MI","PT","Data Engineer",50000,"EUR",54957,"DE",50,"DE","L",76.8942575,50000,"Hybrid"
464,2022,"SE","FT","Principal Data Scientist",148000,"EUR",162674,"DE",100,"DE","M",76.8942575,160000,"Remote"
465,2022,"EN","FT","Data Engineer",120000,"USD",120000,"US",100,"US","M",71.2610225,120000,"Remote"
466,2022,"SE","FT","Research Scientist",144000,"USD",144000,"US",50,"US","L",71.2610225,140000,"Hybrid"
467,2022,"SE","FT","Data Scientist",104890,"USD",104890,"US",100,"US","M",71.2610225,1e+05,"Remote"
468,2022,"SE","FT","Data Engineer",100000,"USD",100000,"US",100,"US","M",71.2610225,1e+05,"Remote"
469,2022,"SE","FT","Data Scientist",140000,"USD",140000,"US",100,"US","M",71.2610225,140000,"Remote"
470,2022,"MI","FT","Data Analyst",135000,"USD",135000,"US",100,"US","M",71.2610225,130000,"Remote"
471,2022,"MI","FT","Data Analyst",50000,"USD",50000,"US",100,"US","M",71.2610225,50000,"Remote"
472,2022,"SE","FT","Data Scientist",220000,"USD",220000,"US",100,"US","M",71.2610225,220000,"Remote"
473,2022,"SE","FT","Data Scientist",140000,"USD",140000,"US",100,"US","M",71.2610225,140000,"Remote"
474,2022,"MI","FT","Data Scientist",140000,"GBP",183228,"GB",0,"GB","M",75.56232,180000,"In Person"
475,2022,"MI","FT","Data Scientist",70000,"GBP",91614,"GB",0,"GB","M",75.56232,90000,"In Person"
476,2022,"SE","FT","Data Scientist",185100,"USD",185100,"US",100,"US","M",71.2610225,180000,"Remote"
477,2022,"SE","FT","Machine Learning Engineer",220000,"USD",220000,"US",100,"US","M",71.2610225,220000,"Remote"
478,2022,"MI","FT","Data Scientist",200000,"USD",200000,"US",100,"US","M",71.2610225,2e+05,"Remote"
479,2022,"MI","FT","Data Scientist",120000,"USD",120000,"US",100,"US","M",71.2610225,120000,"Remote"
482,2022,"EX","FT","Data Engineer",324000,"USD",324000,"US",100,"US","M",71.2610225,320000,"Remote"
483,2022,"EX","FT","Data Engineer",216000,"USD",216000,"US",100,"US","M",71.2610225,210000,"Remote"
484,2022,"SE","FT","Data Engineer",210000,"USD",210000,"US",100,"US","M",71.2610225,210000,"Remote"
485,2022,"SE","FT","Machine Learning Engineer",120000,"USD",120000,"US",100,"US","M",71.2610225,120000,"Remote"
486,2022,"SE","FT","Data Scientist",230000,"USD",230000,"US",100,"US","M",71.2610225,230000,"Remote"
488,2022,"MI","FL","Data Scientist",100000,"USD",100000,"CA",100,"US","M",71.2610225,1e+05,"Remote"
490,2022,"SE","FT","Head of Data",200000,"USD",200000,"MY",100,"US","M",71.2610225,2e+05,"Remote"
491,2022,"MI","FT","Principal Data Analyst",75000,"USD",75000,"CA",100,"CA","S",75.6166675,70000,"Remote"
493,2022,"SE","FT","Machine Learning Developer",100000,"CAD",78791,"CA",100,"CA","M",75.6166675,70000,"Remote"
494,2022,"SE","FT","Data Scientist",100000,"USD",100000,"BR",100,"US","M",71.2610225,1e+05,"Remote"
495,2022,"MI","FT","Machine Learning Scientist",153000,"USD",153000,"US",50,"US","M",71.2610225,150000,"Hybrid"
496,2022,"EN","FT","Data Engineer",52800,"EUR",58035,"PK",100,"DE","M",76.8942575,50000,"Remote"
497,2022,"SE","FT","Data Scientist",165000,"USD",165000,"US",100,"US","M",71.2610225,160000,"Remote"
498,2022,"SE","FT","Research Scientist",85000,"EUR",93427,"FR",50,"FR","L",68.14263,90000,"Hybrid"
499,2022,"EN","FT","Data Scientist",66500,"CAD",52396,"CA",100,"CA","L",75.6166675,50000,"Remote"
504,2022,"SE","FT","Data Engineer",115000,"USD",115000,"US",100,"US","M",71.2610225,110000,"Remote"
506,2022,"MI","FT","Applied Machine Learning Scientist",75000,"USD",75000,"BO",100,"US","L",71.2610225,70000,"Remote"
508,2022,"EN","FT","Research Scientist",120000,"USD",120000,"US",100,"US","L",71.2610225,120000,"Remote"
509,2022,"MI","FT","Applied Data Scientist",157000,"USD",157000,"US",100,"US","L",71.2610225,150000,"Remote"
511,2022,"MI","FT","Business Data Analyst",90000,"CAD",70912,"CA",50,"CA","L",75.6166675,70000,"Hybrid"
512,2022,"EN","FT","Data Engineer",65000,"USD",65000,"US",100,"US","S",71.2610225,60000,"Remote"
515,2022,"MI","FT","Data Scientist",48000,"USD",48000,"RU",100,"US","S",71.2610225,40000,"Remote"
516,2022,"SE","FT","Data Science Manager",152500,"USD",152500,"US",100,"US","M",71.2610225,150000,"Remote"
517,2022,"MI","FT","Data Engineer",62000,"EUR",68147,"FR",100,"FR","M",68.14263,60000,"Remote"
519,2022,"SE","FT","Applied Data Scientist",380000,"USD",380000,"US",100,"US","L",71.2610225,380000,"Remote"
520,2022,"MI","FT","Data Scientist",88000,"CAD",69336,"CA",100,"CA","M",75.6166675,60000,"Remote"
523,2022,"SE","FT","Data Analytics Lead",405000,"USD",405000,"US",100,"US","L",71.2610225,4e+05,"Remote"
524,2022,"MI","FT","Data Scientist",135000,"USD",135000,"US",100,"US","L",71.2610225,130000,"Remote"
525,2022,"SE","FT","Applied Data Scientist",177000,"USD",177000,"US",100,"US","L",71.2610225,170000,"Remote"
526,2022,"MI","FT","Data Scientist",78000,"USD",78000,"US",100,"US","M",71.2610225,70000,"Remote"
527,2022,"SE","FT","Data Analyst",135000,"USD",135000,"US",100,"US","M",71.2610225,130000,"Remote"
528,2022,"SE","FT","Data Analyst",100000,"USD",100000,"US",100,"US","M",71.2610225,1e+05,"Remote"
529,2022,"SE","FT","Data Analyst",90320,"USD",90320,"US",100,"US","M",71.2610225,90000,"Remote"
530,2022,"MI","FT","Data Analyst",85000,"USD",85000,"CA",0,"CA","M",75.6166675,80000,"In Person"
531,2022,"MI","FT","Data Analyst",75000,"USD",75000,"CA",0,"CA","M",75.6166675,70000,"In Person"
532,2022,"SE","FT","Machine Learning Engineer",214000,"USD",214000,"US",100,"US","M",71.2610225,210000,"Remote"
533,2022,"SE","FT","Machine Learning Engineer",192600,"USD",192600,"US",100,"US","M",71.2610225,190000,"Remote"
534,2022,"SE","FT","Data Architect",266400,"USD",266400,"US",100,"US","M",71.2610225,260000,"Remote"
535,2022,"SE","FT","Data Architect",213120,"USD",213120,"US",100,"US","M",71.2610225,210000,"Remote"
536,2022,"SE","FT","Data Analyst",112900,"USD",112900,"US",100,"US","M",71.2610225,110000,"Remote"
537,2022,"SE","FT","Data Engineer",155000,"USD",155000,"US",100,"US","M",71.2610225,150000,"Remote"
538,2022,"MI","FT","Data Scientist",141300,"USD",141300,"US",0,"US","M",71.2610225,140000,"In Person"
539,2022,"MI","FT","Data Scientist",102100,"USD",102100,"US",0,"US","M",71.2610225,1e+05,"In Person"
540,2022,"SE","FT","Data Analyst",115934,"USD",115934,"US",100,"US","M",71.2610225,110000,"Remote"
541,2022,"SE","FT","Data Analyst",81666,"USD",81666,"US",100,"US","M",71.2610225,80000,"Remote"
542,2022,"MI","FT","Data Engineer",206699,"USD",206699,"US",0,"US","M",71.2610225,2e+05,"In Person"
543,2022,"MI","FT","Data Engineer",99100,"USD",99100,"US",0,"US","M",71.2610225,90000,"In Person"
544,2022,"SE","FT","Data Engineer",130000,"USD",130000,"US",100,"US","M",71.2610225,130000,"Remote"
545,2022,"SE","FT","Data Engineer",115000,"USD",115000,"US",100,"US","M",71.2610225,110000,"Remote"
546,2022,"SE","FT","Data Engineer",110500,"USD",110500,"US",100,"US","M",71.2610225,110000,"Remote"
547,2022,"SE","FT","Data Engineer",130000,"USD",130000,"US",100,"US","M",71.2610225,130000,"Remote"
548,2022,"SE","FT","Data Analyst",99050,"USD",99050,"US",100,"US","M",71.2610225,90000,"Remote"
549,2022,"SE","FT","Data Engineer",160000,"USD",160000,"US",100,"US","M",71.2610225,160000,"Remote"
550,2022,"SE","FT","Data Scientist",205300,"USD",205300,"US",0,"US","L",71.2610225,2e+05,"In Person"
551,2022,"SE","FT","Data Scientist",140400,"USD",140400,"US",0,"US","L",71.2610225,140000,"In Person"
552,2022,"SE","FT","Data Scientist",176000,"USD",176000,"US",100,"US","M",71.2610225,170000,"Remote"
553,2022,"SE","FT","Data Scientist",144000,"USD",144000,"US",100,"US","M",71.2610225,140000,"Remote"
554,2022,"SE","FT","Data Engineer",200100,"USD",200100,"US",100,"US","M",71.2610225,2e+05,"Remote"
555,2022,"SE","FT","Data Engineer",160000,"USD",160000,"US",100,"US","M",71.2610225,160000,"Remote"
556,2022,"SE","FT","Data Engineer",145000,"USD",145000,"US",100,"US","M",71.2610225,140000,"Remote"
557,2022,"SE","FT","Data Engineer",70500,"USD",70500,"US",0,"US","M",71.2610225,70000,"In Person"
558,2022,"SE","FT","Data Scientist",205300,"USD",205300,"US",0,"US","M",71.2610225,2e+05,"In Person"
559,2022,"SE","FT","Data Scientist",140400,"USD",140400,"US",0,"US","M",71.2610225,140000,"In Person"
560,2022,"SE","FT","Analytics Engineer",205300,"USD",205300,"US",0,"US","M",71.2610225,2e+05,"In Person"
561,2022,"SE","FT","Analytics Engineer",184700,"USD",184700,"US",0,"US","M",71.2610225,180000,"In Person"
562,2022,"SE","FT","Data Engineer",175100,"USD",175100,"US",100,"US","M",71.2610225,170000,"Remote"
563,2022,"SE","FT","Data Engineer",140250,"USD",140250,"US",100,"US","M",71.2610225,140000,"Remote"
564,2022,"SE","FT","Data Analyst",116150,"USD",116150,"US",100,"US","M",71.2610225,110000,"Remote"
565,2022,"SE","FT","Data Engineer",54000,"USD",54000,"US",0,"US","M",71.2610225,50000,"In Person"
566,2022,"SE","FT","Data Analyst",170000,"USD",170000,"US",100,"US","M",71.2610225,170000,"Remote"
567,2022,"MI","FT","Data Analyst",50000,"GBP",65438,"GB",0,"GB","M",75.56232,60000,"In Person"
568,2022,"SE","FT","Data Analyst",80000,"USD",80000,"US",100,"US","M",71.2610225,80000,"Remote"
569,2022,"SE","FT","Data Scientist",140000,"USD",140000,"US",100,"US","M",71.2610225,140000,"Remote"
570,2022,"SE","FT","Data Scientist",210000,"USD",210000,"US",100,"US","M",71.2610225,210000,"Remote"
571,2022,"SE","FT","Data Scientist",140000,"USD",140000,"US",100,"US","M",71.2610225,140000,"Remote"
572,2022,"SE","FT","Data Analyst",100000,"USD",100000,"US",100,"US","M",71.2610225,1e+05,"Remote"
573,2022,"SE","FT","Data Analyst",69000,"USD",69000,"US",100,"US","M",71.2610225,60000,"Remote"
574,2022,"SE","FT","Data Scientist",210000,"USD",210000,"US",100,"US","M",71.2610225,210000,"Remote"
575,2022,"SE","FT","Data Scientist",140000,"USD",140000,"US",100,"US","M",71.2610225,140000,"Remote"
576,2022,"SE","FT","Data Scientist",210000,"USD",210000,"US",100,"US","M",71.2610225,210000,"Remote"
577,2022,"SE","FT","Data Analyst",150075,"USD",150075,"US",100,"US","M",71.2610225,150000,"Remote"
578,2022,"SE","FT","Data Engineer",100000,"USD",100000,"US",100,"US","M",71.2610225,1e+05,"Remote"
579,2022,"SE","FT","Data Engineer",25000,"USD",25000,"US",100,"US","M",71.2610225,20000,"Remote"
580,2022,"SE","FT","Data Analyst",126500,"USD",126500,"US",100,"US","M",71.2610225,120000,"Remote"
581,2022,"SE","FT","Data Analyst",106260,"USD",106260,"US",100,"US","M",71.2610225,1e+05,"Remote"
582,2022,"SE","FT","Data Engineer",220110,"USD",220110,"US",100,"US","M",71.2610225,220000,"Remote"
583,2022,"SE","FT","Data Engineer",160080,"USD",160080,"US",100,"US","M",71.2610225,160000,"Remote"
584,2022,"SE","FT","Data Analyst",105000,"USD",105000,"US",100,"US","M",71.2610225,1e+05,"Remote"
585,2022,"SE","FT","Data Analyst",110925,"USD",110925,"US",100,"US","M",71.2610225,110000,"Remote"
586,2022,"MI","FT","Data Analyst",35000,"GBP",45807,"GB",0,"GB","M",75.56232,40000,"In Person"
587,2022,"SE","FT","Data Scientist",140000,"USD",140000,"US",100,"US","M",71.2610225,140000,"Remote"
588,2022,"SE","FT","Data Analyst",99000,"USD",99000,"US",0,"US","M",71.2610225,90000,"In Person"
589,2022,"SE","FT","Data Analyst",60000,"USD",60000,"US",100,"US","M",71.2610225,60000,"Remote"
590,2022,"SE","FT","Data Architect",192564,"USD",192564,"US",100,"US","M",71.2610225,190000,"Remote"
591,2022,"SE","FT","Data Architect",144854,"USD",144854,"US",100,"US","M",71.2610225,140000,"Remote"
592,2022,"SE","FT","Data Scientist",230000,"USD",230000,"US",100,"US","M",71.2610225,230000,"Remote"
593,2022,"SE","FT","Data Scientist",150000,"USD",150000,"US",100,"US","M",71.2610225,150000,"Remote"
594,2022,"SE","FT","Data Analytics Manager",150260,"USD",150260,"US",100,"US","M",71.2610225,150000,"Remote"
595,2022,"SE","FT","Data Analytics Manager",109280,"USD",109280,"US",100,"US","M",71.2610225,1e+05,"Remote"
596,2022,"SE","FT","Data Scientist",210000,"USD",210000,"US",100,"US","M",71.2610225,210000,"Remote"
597,2022,"SE","FT","Data Analyst",170000,"USD",170000,"US",100,"US","M",71.2610225,170000,"Remote"
598,2022,"MI","FT","Data Scientist",160000,"USD",160000,"US",100,"US","M",71.2610225,160000,"Remote"
599,2022,"MI","FT","Data Scientist",130000,"USD",130000,"US",100,"US","M",71.2610225,130000,"Remote"
600,2022,"EN","FT","Data Analyst",67000,"USD",67000,"CA",0,"CA","M",75.6166675,60000,"In Person"
601,2022,"EN","FT","Data Analyst",52000,"USD",52000,"CA",0,"CA","M",75.6166675,50000,"In Person"
602,2022,"SE","FT","Data Engineer",154000,"USD",154000,"US",100,"US","M",71.2610225,150000,"Remote"
603,2022,"SE","FT","Data Engineer",126000,"USD",126000,"US",100,"US","M",71.2610225,120000,"Remote"
604,2022,"SE","FT","Data Analyst",129000,"USD",129000,"US",0,"US","M",71.2610225,120000,"In Person"
605,2022,"SE","FT","Data Analyst",150000,"USD",150000,"US",100,"US","M",71.2610225,150000,"Remote"
606,2022,"MI","FT","AI Scientist",200000,"USD",200000,"IN",100,"US","L",71.2610225,2e+05,"Remote"
